"No.","Time","Source","Destination","Protocol","Length","Info"
"1","0.000000000","192.168.20.54","192.168.20.59","Modbus/TCP","66","   Query: Trans:   220; Unit:   1, Func:   3: Read Holding Registers"
"2","0.006661018","192.168.20.54","192.168.20.59","TCP","66","[TCP Retransmission] 49350  >  502 [PSH, ACK] Seq=1 Ack=1 Win=508 Len=12"
"3","0.006889824","192.168.20.59","192.168.20.54","Modbus/TCP","67","Response: Trans:   220; Unit:   1, Func:   3: Read Holding Registers"
"4","0.018685606","192.168.20.59","192.168.20.54","TCP","67","[TCP Retransmission] 502  >  49350 [PSH, ACK] Seq=1 Ack=13 Win=92 Len=13"
"5","0.023031013","192.168.20.54","192.168.20.59","Modbus/TCP","66","   Query: Trans:   221; Unit:   1, Func:   3: Read Holding Registers"
"6","0.030690425","192.168.20.54","192.168.20.59","TCP","66","[TCP Retransmission] 49350  >  502 [PSH, ACK] Seq=13 Ack=14 Win=508 Len=12"
"7","0.030889220","192.168.20.59","192.168.20.54","Modbus/TCP","67","Response: Trans:   221; Unit:   1, Func:   3: Read Holding Registers"
"8","0.042687265","192.168.20.59","192.168.20.54","TCP","67","[TCP Retransmission] 502  >  49350 [PSH, ACK] Seq=14 Ack=25 Win=92 Len=13"
"9","0.053048748","192.168.20.54","192.168.20.59","Modbus/TCP","71","   Query: Trans:   222; Unit:   1, Func:  16: Write Multiple Registers"
"10","0.054699058","192.168.20.54","192.168.20.59","TCP","71","[TCP Retransmission] 49350  >  502 [PSH, ACK] Seq=25 Ack=27 Win=508 Len=17"
"11","0.054901381","192.168.20.59","192.168.20.54","Modbus/TCP","66","Response: Trans:   222; Unit:   1, Func:  16: Write Multiple Registers"
"12","0.066685777","192.168.20.59","192.168.20.54","TCP","66","[TCP Retransmission] 502  >  49350 [PSH, ACK] Seq=27 Ack=42 Win=92 Len=12"
"13","0.113410862","192.168.20.54","192.168.20.59","TCP","60","49350  >  502 [ACK] Seq=42 Ack=39 Win=508 Len=0"
"14","0.114629654","192.168.20.54","192.168.20.59","TCP","54","[TCP Dup ACK 13#1] 49350  >  502 [ACK] Seq=42 Ack=39 Win=508 Len=0"
"15","5.427211494","192.168.20.54","192.168.20.59","Modbus/TCP","66","   Query: Trans:   223; Unit:   1, Func:   3: Read Holding Registers"
"16","5.434655992","192.168.20.54","192.168.20.59","TCP","66","[TCP Retransmission] 49350  >  502 [PSH, ACK] Seq=42 Ack=39 Win=508 Len=12"
"17","5.434883940","192.168.20.59","192.168.20.54","Modbus/TCP","67","Response: Trans:   223; Unit:   1, Func:   3: Read Holding Registers"
"18","5.450690155","192.168.20.59","192.168.20.54","TCP","67","[TCP Retransmission] 502  >  49350 [PSH, ACK] Seq=39 Ack=54 Win=92 Len=13"
"19","5.465720274","192.168.20.54","192.168.20.59","Modbus/TCP","66","   Query: Trans:   224; Unit:   1, Func:   3: Read Holding Registers"
"20","5.474652990","192.168.20.54","192.168.20.59","TCP","66","[TCP Retransmission] 49350  >  502 [PSH, ACK] Seq=54 Ack=52 Win=507 Len=12"
"21","5.474875529","192.168.20.59","192.168.20.54","Modbus/TCP","67","Response: Trans:   224; Unit:   1, Func:   3: Read Holding Registers"
"22","5.490704945","192.168.20.59","192.168.20.54","TCP","67","[TCP Retransmission] 502  >  49350 [PSH, ACK] Seq=52 Ack=66 Win=92 Len=13"
"23","5.496550857","192.168.20.54","192.168.20.59","Modbus/TCP","71","   Query: Trans:   225; Unit:   1, Func:  16: Write Multiple Registers"
"24","5.502703433","192.168.20.54","192.168.20.59","TCP","71","[TCP Retransmission] 49350  >  502 [PSH, ACK] Seq=66 Ack=65 Win=507 Len=17"
"25","5.502911918","192.168.20.59","192.168.20.54","Modbus/TCP","66","Response: Trans:   225; Unit:   1, Func:  16: Write Multiple Registers"
"26","5.514678708","192.168.20.59","192.168.20.54","TCP","66","[TCP Retransmission] 502  >  49350 [PSH, ACK] Seq=65 Ack=83 Win=92 Len=12"
"27","5.571194434","192.168.20.54","192.168.20.59","TCP","60","49350  >  502 [ACK] Seq=83 Ack=77 Win=507 Len=0"
"28","5.578649941","192.168.20.54","192.168.20.59","TCP","54","[TCP Dup ACK 27#1] 49350  >  502 [ACK] Seq=83 Ack=77 Win=507 Len=0"
"29","10.874128402","192.168.20.54","192.168.20.59","Modbus/TCP","66","   Query: Trans:   226; Unit:   1, Func:   3: Read Holding Registers"
"30","10.874663250","192.168.20.54","192.168.20.59","TCP","66","[TCP Retransmission] 49350  >  502 [PSH, ACK] Seq=83 Ack=77 Win=507 Len=12"
"31","10.874892667","192.168.20.59","192.168.20.54","Modbus/TCP","67","Response: Trans:   226; Unit:   1, Func:   3: Read Holding Registers"
"32","10.886687292","192.168.20.59","192.168.20.54","TCP","67","[TCP Retransmission] 502  >  49350 [PSH, ACK] Seq=77 Ack=95 Win=92 Len=13"
"33","10.896740545","192.168.20.54","192.168.20.59","Modbus/TCP","66","   Query: Trans:   227; Unit:   1, Func:   3: Read Holding Registers"
"34","10.898690156","192.168.20.54","192.168.20.59","TCP","66","[TCP Retransmission] 49350  >  502 [PSH, ACK] Seq=95 Ack=90 Win=507 Len=12"
"35","10.898889711","192.168.20.59","192.168.20.54","Modbus/TCP","67","Response: Trans:   227; Unit:   1, Func:   3: Read Holding Registers"
"36","10.910686380","192.168.20.59","192.168.20.54","TCP","67","[TCP Retransmission] 502  >  49350 [PSH, ACK] Seq=90 Ack=107 Win=92 Len=13"
"37","10.915204108","192.168.20.54","192.168.20.59","Modbus/TCP","71","   Query: Trans:   228; Unit:   1, Func:  16: Write Multiple Registers"
"38","10.922697703","192.168.20.54","192.168.20.59","TCP","71","[TCP Retransmission] 49350  >  502 [PSH, ACK] Seq=107 Ack=103 Win=507 Len=17"
"39","10.922916417","192.168.20.59","192.168.20.54","Modbus/TCP","66","Response: Trans:   228; Unit:   1, Func:  16: Write Multiple Registers"
"40","10.934805192","192.168.20.59","192.168.20.54","TCP","66","[TCP Retransmission] 502  >  49350 [PSH, ACK] Seq=103 Ack=124 Win=92 Len=12"
"41","10.987569004","192.168.20.54","192.168.20.59","TCP","60","49350  >  502 [ACK] Seq=124 Ack=115 Win=507 Len=0"
"42","10.994633564","192.168.20.54","192.168.20.59","TCP","54","[TCP Dup ACK 41#1] 49350  >  502 [ACK] Seq=124 Ack=115 Win=507 Len=0"
"43","16.307320233","192.168.20.54","192.168.20.59","Modbus/TCP","66","   Query: Trans:   229; Unit:   1, Func:   3: Read Holding Registers"
"44","16.318659417","192.168.20.54","192.168.20.59","TCP","66","[TCP Retransmission] 49350  >  502 [PSH, ACK] Seq=124 Ack=115 Win=507 Len=12"
"45","16.318914569","192.168.20.59","192.168.20.54","Modbus/TCP","67","Response: Trans:   229; Unit:   1, Func:   3: Read Holding Registers"
"46","16.330690290","192.168.20.59","192.168.20.54","TCP","67","[TCP Retransmission] 502  >  49350 [PSH, ACK] Seq=115 Ack=136 Win=92 Len=13"
"47","16.373085098","192.168.20.54","192.168.20.59","Modbus/TCP","66","   Query: Trans:   230; Unit:   1, Func:   3: Read Holding Registers"
"48","16.378634282","192.168.20.54","192.168.20.59","TCP","66","[TCP Retransmission] 49350  >  502 [PSH, ACK] Seq=136 Ack=128 Win=507 Len=12"
"49","16.378854727","192.168.20.59","192.168.20.54","Modbus/TCP","67","Response: Trans:   230; Unit:   1, Func:   3: Read Holding Registers"
"50","16.394692675","192.168.20.59","192.168.20.54","TCP","67","[TCP Retransmission] 502  >  49350 [PSH, ACK] Seq=128 Ack=148 Win=92 Len=13"
"51","16.404179200","192.168.20.54","192.168.20.59","Modbus/TCP","71","   Query: Trans:   231; Unit:   1, Func:  16: Write Multiple Registers"
"52","16.406689739","192.168.20.54","192.168.20.59","TCP","71","[TCP Retransmission] 49350  >  502 [PSH, ACK] Seq=148 Ack=141 Win=507 Len=17"
"53","16.406892689","192.168.20.59","192.168.20.54","Modbus/TCP","66","Response: Trans:   231; Unit:   1, Func:  16: Write Multiple Registers"
"54","16.418697099","192.168.20.59","192.168.20.54","TCP","66","[TCP Retransmission] 502  >  49350 [PSH, ACK] Seq=141 Ack=165 Win=92 Len=12"
"55","16.511532749","192.168.20.54","192.168.20.59","TCP","60","49350  >  502 [ACK] Seq=165 Ack=153 Win=507 Len=0"
"56","16.514617482","192.168.20.54","192.168.20.59","TCP","54","[TCP Dup ACK 55#1] 49350  >  502 [ACK] Seq=165 Ack=153 Win=507 Len=0"
"57","21.821168974","192.168.20.54","192.168.20.59","Modbus/TCP","66","   Query: Trans:   232; Unit:   1, Func:   3: Read Holding Registers"
"58","21.822628294","192.168.20.54","192.168.20.59","TCP","66","[TCP Retransmission] 49350  >  502 [PSH, ACK] Seq=165 Ack=153 Win=507 Len=12"
"59","21.822854706","192.168.20.59","192.168.20.54","Modbus/TCP","67","Response: Trans:   232; Unit:   1, Func:   3: Read Holding Registers"
"60","21.834672340","192.168.20.59","192.168.20.54","TCP","67","[TCP Retransmission] 502  >  49350 [PSH, ACK] Seq=153 Ack=177 Win=92 Len=13"
"61","21.852473295","192.168.20.54","192.168.20.59","Modbus/TCP","66","   Query: Trans:   233; Unit:   1, Func:   3: Read Holding Registers"
"62","21.858746249","192.168.20.54","192.168.20.59","TCP","66","[TCP Retransmission] 49350  >  502 [PSH, ACK] Seq=177 Ack=166 Win=513 Len=12"
"63","21.858918754","192.168.20.59","192.168.20.54","Modbus/TCP","67","Response: Trans:   233; Unit:   1, Func:   3: Read Holding Registers"
"64","21.870659635","192.168.20.59","192.168.20.54","TCP","67","[TCP Retransmission] 502  >  49350 [PSH, ACK] Seq=166 Ack=189 Win=92 Len=13"
"65","21.875770492","192.168.20.54","192.168.20.59","Modbus/TCP","71","   Query: Trans:   234; Unit:   1, Func:  16: Write Multiple Registers"
"66","21.882661838","192.168.20.54","192.168.20.59","TCP","71","[TCP Retransmission] 49350  >  502 [PSH, ACK] Seq=189 Ack=179 Win=513 Len=17"
"67","21.882846732","192.168.20.59","192.168.20.54","Modbus/TCP","66","Response: Trans:   234; Unit:   1, Func:  16: Write Multiple Registers"
"68","21.894661000","192.168.20.59","192.168.20.54","TCP","66","[TCP Retransmission] 502  >  49350 [PSH, ACK] Seq=179 Ack=206 Win=92 Len=12"
"69","21.942068113","192.168.20.54","192.168.20.59","TCP","60","49350  >  502 [ACK] Seq=206 Ack=191 Win=513 Len=0"
"70","21.946650562","192.168.20.54","192.168.20.59","TCP","54","[TCP Dup ACK 69#1] 49350  >  502 [ACK] Seq=206 Ack=191 Win=513 Len=0"
"71","27.269499801","192.168.20.54","192.168.20.59","Modbus/TCP","66","   Query: Trans:   235; Unit:   1, Func:   3: Read Holding Registers"
"72","27.523427084","192.168.20.54","192.168.20.59","TCP","66","[TCP Retransmission] 49350  >  502 [PSH, ACK] Seq=206 Ack=191 Win=513 Len=12"
"73","27.837077077","192.168.20.54","192.168.20.59","TCP","66","[TCP Retransmission] 49350  >  502 [PSH, ACK] Seq=206 Ack=191 Win=513 Len=12"
"74","28.434142228","192.168.20.54","192.168.20.59","TCP","66","[TCP Retransmission] 49350  >  502 [PSH, ACK] Seq=206 Ack=191 Win=513 Len=12"
"75","29.638703310","192.168.20.54","192.168.20.59","TCP","66","[TCP Retransmission] 49350  >  502 [PSH, ACK] Seq=206 Ack=191 Win=513 Len=12"
"76","32.045747551","192.168.20.54","192.168.20.59","TCP","66","[TCP Retransmission] 49350  >  502 [PSH, ACK] Seq=206 Ack=191 Win=513 Len=12"
"77","36.857399726","192.168.20.54","192.168.20.59","TCP","66","[TCP Retransmission] 49350  >  502 [PSH, ACK] Seq=206 Ack=191 Win=513 Len=12"
"78","37.284172405","192.168.20.54","192.168.20.59","TCP","60","49350  >  502 [FIN, ACK] Seq=218 Ack=191 Win=513 Len=0"
"79","37.304414715","192.168.20.54","192.168.20.59","TCP","66","50473  >  502 [SYN] Seq=0 Win=64240 Len=0 MSS=1460 WS=256 SACK_PERM=1"
"80","38.312736221","192.168.20.54","192.168.20.59","TCP","66","[TCP Retransmission] 50473  >  502 [SYN] Seq=0 Win=64240 Len=0 MSS=1460 WS=256 SACK_PERM=1"
"81","40.315905682","192.168.20.54","192.168.20.59","TCP","66","[TCP Retransmission] 50473  >  502 [SYN] Seq=0 Win=64240 Len=0 MSS=1460 WS=256 SACK_PERM=1"
"82","44.331897558","192.168.20.54","192.168.20.59","TCP","66","[TCP Retransmission] 50473  >  502 [SYN] Seq=0 Win=64240 Len=0 MSS=1460 WS=256 SACK_PERM=1"
"83","46.460924523","192.168.20.54","192.168.20.59","TCP","60","49350  >  502 [RST, ACK] Seq=219 Ack=191 Win=0 Len=0"
"84","52.340484500","192.168.20.54","192.168.20.59","TCP","66","[TCP Retransmission] 50473  >  502 [SYN] Seq=0 Win=64240 Len=0 MSS=1460 WS=256 SACK_PERM=1"
"85","58.377110851","192.168.20.54","192.168.20.59","TCP","66","50523  >  502 [SYN] Seq=0 Win=64240 Len=0 MSS=1460 WS=256 SACK_PERM=1"
"86","59.376528087","192.168.20.54","192.168.20.59","TCP","66","[TCP Retransmission] 50523  >  502 [SYN] Seq=0 Win=64240 Len=0 MSS=1460 WS=256 SACK_PERM=1"
"87","61.388197117","192.168.20.54","192.168.20.59","TCP","66","[TCP Retransmission] 50523  >  502 [SYN] Seq=0 Win=64240 Len=0 MSS=1460 WS=256 SACK_PERM=1"
"88","65.389990188","192.168.20.54","192.168.20.59","TCP","66","[TCP Retransmission] 50523  >  502 [SYN] Seq=0 Win=64240 Len=0 MSS=1460 WS=256 SACK_PERM=1"
"89","73.390680781","192.168.20.54","192.168.20.59","TCP","66","[TCP Retransmission] 50523  >  502 [SYN] Seq=0 Win=64240 Len=0 MSS=1460 WS=256 SACK_PERM=1"
"90","84.779267054","192.168.20.54","192.168.20.59","TCP","66","50586  >  502 [SYN] Seq=0 Win=64240 Len=0 MSS=1460 WS=256 SACK_PERM=1"
"91","85.787264804","192.168.20.54","192.168.20.59","TCP","66","[TCP Retransmission] 50586  >  502 [SYN] Seq=0 Win=64240 Len=0 MSS=1460 WS=256 SACK_PERM=1"
"92","87.795175986","192.168.20.54","192.168.20.59","TCP","66","[TCP Retransmission] 50586  >  502 [SYN] Seq=0 Win=64240 Len=0 MSS=1460 WS=256 SACK_PERM=1"
"93","91.803812803","192.168.20.54","192.168.20.59","TCP","66","[TCP Retransmission] 50586  >  502 [SYN] Seq=0 Win=64240 Len=0 MSS=1460 WS=256 SACK_PERM=1"
"94","99.804273264","192.168.20.54","192.168.20.59","TCP","66","[TCP Retransmission] 50586  >  502 [SYN] Seq=0 Win=64240 Len=0 MSS=1460 WS=256 SACK_PERM=1"
"95","111.215760586","192.168.20.54","192.168.20.59","TCP","66","50641  >  502 [SYN] Seq=0 Win=64240 Len=0 MSS=1460 WS=256 SACK_PERM=1"
"96","112.221902781","192.168.20.54","192.168.20.59","TCP","66","[TCP Retransmission] 50641  >  502 [SYN] Seq=0 Win=64240 Len=0 MSS=1460 WS=256 SACK_PERM=1"
"97","114.224696397","192.168.20.54","192.168.20.59","TCP","66","[TCP Retransmission] 50641  >  502 [SYN] Seq=0 Win=64240 Len=0 MSS=1460 WS=256 SACK_PERM=1"
"98","118.236941742","192.168.20.54","192.168.20.59","TCP","66","[TCP Retransmission] 50641  >  502 [SYN] Seq=0 Win=64240 Len=0 MSS=1460 WS=256 SACK_PERM=1"
"99","126.241262254","192.168.20.54","192.168.20.59","TCP","66","[TCP Retransmission] 50641  >  502 [SYN] Seq=0 Win=64240 Len=0 MSS=1460 WS=256 SACK_PERM=1"
"100","137.646101747","192.168.20.54","192.168.20.59","TCP","66","50692  >  502 [SYN] Seq=0 Win=64240 Len=0 MSS=1460 WS=256 SACK_PERM=1"
"101","138.649186203","192.168.20.54","192.168.20.59","TCP","66","[TCP Retransmission] 50692  >  502 [SYN] Seq=0 Win=64240 Len=0 MSS=1460 WS=256 SACK_PERM=1"
"102","140.656576747","192.168.20.54","192.168.20.59","TCP","66","[TCP Retransmission] 50692  >  502 [SYN] Seq=0 Win=64240 Len=0 MSS=1460 WS=256 SACK_PERM=1"
"103","144.662561542","192.168.20.54","192.168.20.59","TCP","66","[TCP Retransmission] 50692  >  502 [SYN] Seq=0 Win=64240 Len=0 MSS=1460 WS=256 SACK_PERM=1"
"104","152.672502422","192.168.20.54","192.168.20.59","TCP","66","[TCP Retransmission] 50692  >  502 [SYN] Seq=0 Win=64240 Len=0 MSS=1460 WS=256 SACK_PERM=1"
"105","164.075637037","192.168.20.54","192.168.20.59","TCP","66","50749  >  502 [SYN] Seq=0 Win=64240 Len=0 MSS=1460 WS=256 SACK_PERM=1"
"106","165.088054392","192.168.20.54","192.168.20.59","TCP","66","[TCP Retransmission] 50749  >  502 [SYN] Seq=0 Win=64240 Len=0 MSS=1460 WS=256 SACK_PERM=1"
"107","167.096686791","192.168.20.54","192.168.20.59","TCP","66","[TCP Retransmission] 50749  >  502 [SYN] Seq=0 Win=64240 Len=0 MSS=1460 WS=256 SACK_PERM=1"
"108","171.098675322","192.168.20.54","192.168.20.59","TCP","66","[TCP Retransmission] 50749  >  502 [SYN] Seq=0 Win=64240 Len=0 MSS=1460 WS=256 SACK_PERM=1"
"109","179.112059400","192.168.20.54","192.168.20.59","TCP","66","[TCP Retransmission] 50749  >  502 [SYN] Seq=0 Win=64240 Len=0 MSS=1460 WS=256 SACK_PERM=1"
"110","190.490510076","192.168.20.54","192.168.20.59","TCP","66","50806  >  502 [SYN] Seq=0 Win=64240 Len=0 MSS=1460 WS=256 SACK_PERM=1"
"111","191.504676756","192.168.20.54","192.168.20.59","TCP","66","[TCP Retransmission] 50806  >  502 [SYN] Seq=0 Win=64240 Len=0 MSS=1460 WS=256 SACK_PERM=1"
"112","193.510232767","192.168.20.54","192.168.20.59","TCP","66","[TCP Retransmission] 50806  >  502 [SYN] Seq=0 Win=64240 Len=0 MSS=1460 WS=256 SACK_PERM=1"
"113","197.520132728","192.168.20.54","192.168.20.59","TCP","66","[TCP Retransmission] 50806  >  502 [SYN] Seq=0 Win=64240 Len=0 MSS=1460 WS=256 SACK_PERM=1"
"114","205.520446420","192.168.20.54","192.168.20.59","TCP","66","[TCP Retransmission] 50806  >  502 [SYN] Seq=0 Win=64240 Len=0 MSS=1460 WS=256 SACK_PERM=1"
"115","216.907278215","192.168.20.54","192.168.20.59","TCP","66","50867  >  502 [SYN] Seq=0 Win=64240 Len=0 MSS=1460 WS=256 SACK_PERM=1"
"116","217.955465359","192.168.20.54","192.168.20.59","TCP","66","[TCP Retransmission] 50867  >  502 [SYN] Seq=0 Win=64240 Len=0 MSS=1460 WS=256 SACK_PERM=1"
"117","219.917676713","192.168.20.54","192.168.20.59","TCP","66","[TCP Retransmission] 50867  >  502 [SYN] Seq=0 Win=64240 Len=0 MSS=1460 WS=256 SACK_PERM=1"
"118","223.937202008","192.168.20.54","192.168.20.59","TCP","66","[TCP Retransmission] 50867  >  502 [SYN] Seq=0 Win=64240 Len=0 MSS=1460 WS=256 SACK_PERM=1"
"119","231.946038914","192.168.20.54","192.168.20.59","TCP","66","[TCP Retransmission] 50867  >  502 [SYN] Seq=0 Win=64240 Len=0 MSS=1460 WS=256 SACK_PERM=1"
"120","243.346076981","192.168.20.54","192.168.20.59","TCP","66","50927  >  502 [SYN] Seq=0 Win=64240 Len=0 MSS=1460 WS=256 SACK_PERM=1"
"121","244.348896451","192.168.20.54","192.168.20.59","TCP","66","[TCP Retransmission] 50927  >  502 [SYN] Seq=0 Win=64240 Len=0 MSS=1460 WS=256 SACK_PERM=1"
"122","246.358076443","192.168.20.54","192.168.20.59","TCP","66","[TCP Retransmission] 50927  >  502 [SYN] Seq=0 Win=64240 Len=0 MSS=1460 WS=256 SACK_PERM=1"
"123","250.364083754","192.168.20.54","192.168.20.59","TCP","66","[TCP Retransmission] 50927  >  502 [SYN] Seq=0 Win=64240 Len=0 MSS=1460 WS=256 SACK_PERM=1"
"124","258.373834603","192.168.20.54","192.168.20.59","TCP","66","[TCP Retransmission] 50927  >  502 [SYN] Seq=0 Win=64240 Len=0 MSS=1460 WS=256 SACK_PERM=1"
"125","269.774750685","192.168.20.54","192.168.20.59","TCP","66","50991  >  502 [SYN] Seq=0 Win=64240 Len=0 MSS=1460 WS=256 SACK_PERM=1"
"126","270.780930961","192.168.20.54","192.168.20.59","TCP","66","[TCP Retransmission] 50991  >  502 [SYN] Seq=0 Win=64240 Len=0 MSS=1460 WS=256 SACK_PERM=1"
"127","272.795023260","192.168.20.54","192.168.20.59","TCP","66","[TCP Retransmission] 50991  >  502 [SYN] Seq=0 Win=64240 Len=0 MSS=1460 WS=256 SACK_PERM=1"
"128","276.802060991","192.168.20.54","192.168.20.59","TCP","66","[TCP Retransmission] 50991  >  502 [SYN] Seq=0 Win=64240 Len=0 MSS=1460 WS=256 SACK_PERM=1"
"129","284.815952542","192.168.20.54","192.168.20.59","TCP","66","[TCP Retransmission] 50991  >  502 [SYN] Seq=0 Win=64240 Len=0 MSS=1460 WS=256 SACK_PERM=1"
"130","296.197807400","192.168.20.54","192.168.20.59","TCP","66","51053  >  502 [SYN] Seq=0 Win=64240 Len=0 MSS=1460 WS=256 SACK_PERM=1"
"131","297.199603288","192.168.20.54","192.168.20.59","TCP","66","[TCP Retransmission] 51053  >  502 [SYN] Seq=0 Win=64240 Len=0 MSS=1460 WS=256 SACK_PERM=1"
"132","299.212181436","192.168.20.54","192.168.20.59","TCP","66","[TCP Retransmission] 51053  >  502 [SYN] Seq=0 Win=64240 Len=0 MSS=1460 WS=256 SACK_PERM=1"
"133","303.216299415","192.168.20.54","192.168.20.59","TCP","66","[TCP Retransmission] 51053  >  502 [SYN] Seq=0 Win=64240 Len=0 MSS=1460 WS=256 SACK_PERM=1"
"134","311.217952478","192.168.20.54","192.168.20.59","TCP","66","[TCP Retransmission] 51053  >  502 [SYN] Seq=0 Win=64240 Len=0 MSS=1460 WS=256 SACK_PERM=1"
"135","322.611233400","192.168.20.54","192.168.20.59","TCP","66","51109  >  502 [SYN] Seq=0 Win=64240 Len=0 MSS=1460 WS=256 SACK_PERM=1"
"136","323.655316697","192.168.20.54","192.168.20.59","TCP","66","[TCP Retransmission] 51109  >  502 [SYN] Seq=0 Win=64240 Len=0 MSS=1460 WS=256 SACK_PERM=1"
"137","325.618607838","192.168.20.54","192.168.20.59","TCP","66","[TCP Retransmission] 51109  >  502 [SYN] Seq=0 Win=64240 Len=0 MSS=1460 WS=256 SACK_PERM=1"
"138","329.630394393","192.168.20.54","192.168.20.59","TCP","66","[TCP Retransmission] 51109  >  502 [SYN] Seq=0 Win=64240 Len=0 MSS=1460 WS=256 SACK_PERM=1"
"139","337.631977369","192.168.20.54","192.168.20.59","TCP","66","[TCP Retransmission] 51109  >  502 [SYN] Seq=0 Win=64240 Len=0 MSS=1460 WS=256 SACK_PERM=1"
"140","349.019749386","192.168.20.54","192.168.20.59","TCP","66","51175  >  502 [SYN] Seq=0 Win=64240 Len=0 MSS=1460 WS=256 SACK_PERM=1"
"141","350.026184653","192.168.20.54","192.168.20.59","TCP","66","[TCP Retransmission] 51175  >  502 [SYN] Seq=0 Win=64240 Len=0 MSS=1460 WS=256 SACK_PERM=1"
"142","352.036335105","192.168.20.54","192.168.20.59","TCP","66","[TCP Retransmission] 51175  >  502 [SYN] Seq=0 Win=64240 Len=0 MSS=1460 WS=256 SACK_PERM=1"
"143","356.040727314","192.168.20.54","192.168.20.59","TCP","66","[TCP Retransmission] 51175  >  502 [SYN] Seq=0 Win=64240 Len=0 MSS=1460 WS=256 SACK_PERM=1"
"144","364.051963556","192.168.20.54","192.168.20.59","TCP","66","[TCP Retransmission] 51175  >  502 [SYN] Seq=0 Win=64240 Len=0 MSS=1460 WS=256 SACK_PERM=1"
"145","375.467669221","192.168.20.54","192.168.20.59","TCP","66","51234  >  502 [SYN] Seq=0 Win=64240 Len=0 MSS=1460 WS=256 SACK_PERM=1"
"146","376.451316536","192.168.20.54","192.168.20.59","TCP","66","[TCP Retransmission] 51234  >  502 [SYN] Seq=0 Win=64240 Len=0 MSS=1460 WS=256 SACK_PERM=1"
"147","378.462736443","192.168.20.54","192.168.20.59","TCP","66","[TCP Retransmission] 51234  >  502 [SYN] Seq=0 Win=64240 Len=0 MSS=1460 WS=256 SACK_PERM=1"
"148","382.467194694","192.168.20.54","192.168.20.59","TCP","66","[TCP Retransmission] 51234  >  502 [SYN] Seq=0 Win=64240 Len=0 MSS=1460 WS=256 SACK_PERM=1"
"149","390.476920051","192.168.20.54","192.168.20.59","TCP","66","[TCP Retransmission] 51234  >  502 [SYN] Seq=0 Win=64240 Len=0 MSS=1460 WS=256 SACK_PERM=1"
"150","401.867933675","192.168.20.54","192.168.20.59","TCP","66","51287  >  502 [SYN] Seq=0 Win=64240 Len=0 MSS=1460 WS=256 SACK_PERM=1"
"151","402.870033428","192.168.20.54","192.168.20.59","TCP","66","[TCP Retransmission] 51287  >  502 [SYN] Seq=0 Win=64240 Len=0 MSS=1460 WS=256 SACK_PERM=1"
"152","404.875249400","192.168.20.54","192.168.20.59","TCP","66","[TCP Retransmission] 51287  >  502 [SYN] Seq=0 Win=64240 Len=0 MSS=1460 WS=256 SACK_PERM=1"
"153","408.883193182","192.168.20.54","192.168.20.59","TCP","66","[TCP Retransmission] 51287  >  502 [SYN] Seq=0 Win=64240 Len=0 MSS=1460 WS=256 SACK_PERM=1"
"154","416.885913517","192.168.20.54","192.168.20.59","TCP","66","[TCP Retransmission] 51287  >  502 [SYN] Seq=0 Win=64240 Len=0 MSS=1460 WS=256 SACK_PERM=1"
"155","428.268094982","192.168.20.54","192.168.20.59","TCP","66","51342  >  502 [SYN] Seq=0 Win=64240 Len=0 MSS=1460 WS=256 SACK_PERM=1"
"156","429.281414380","192.168.20.54","192.168.20.59","TCP","66","[TCP Retransmission] 51342  >  502 [SYN] Seq=0 Win=64240 Len=0 MSS=1460 WS=256 SACK_PERM=1"
"157","431.287975621","192.168.20.54","192.168.20.59","TCP","66","[TCP Retransmission] 51342  >  502 [SYN] Seq=0 Win=64240 Len=0 MSS=1460 WS=256 SACK_PERM=1"
"158","435.291247626","192.168.20.54","192.168.20.59","TCP","66","[TCP Retransmission] 51342  >  502 [SYN] Seq=0 Win=64240 Len=0 MSS=1460 WS=256 SACK_PERM=1"
"159","443.302422635","192.168.20.54","192.168.20.59","TCP","66","[TCP Retransmission] 51342  >  502 [SYN] Seq=0 Win=64240 Len=0 MSS=1460 WS=256 SACK_PERM=1"
"160","454.711966329","192.168.20.54","192.168.20.59","TCP","66","51398  >  502 [SYN] Seq=0 Win=64240 Len=0 MSS=1460 WS=256 SACK_PERM=1"
"161","455.716361146","192.168.20.54","192.168.20.59","TCP","66","[TCP Retransmission] 51398  >  502 [SYN] Seq=0 Win=64240 Len=0 MSS=1460 WS=256 SACK_PERM=1"
"162","457.723321397","192.168.20.54","192.168.20.59","TCP","66","[TCP Retransmission] 51398  >  502 [SYN] Seq=0 Win=64240 Len=0 MSS=1460 WS=256 SACK_PERM=1"
"163","532.408222936","192.168.20.54","192.168.20.59","Modbus/TCP","66","[TCP Previous segment not captured]    Query: Trans:    37; Unit:   1, Func:   3: Read Holding Registers"
"164","532.410660501","192.168.20.54","192.168.20.59","TCP","66","[TCP Retransmission] 51398  >  502 [PSH, ACK] Seq=493 Ack=1 Win=130816 Len=12"
"165","532.410887205","192.168.20.59","192.168.20.54","Modbus/TCP","67","[TCP ACKed unseen segment] Response: Trans:    37; Unit:   1, Func:   3: Read Holding Registers"
"166","532.422658917","192.168.20.59","192.168.20.54","TCP","67","[TCP Retransmission] 502  >  51398 [PSH, ACK] Seq=1 Ack=505 Win=92 Len=13"
"167","532.447133883","192.168.20.54","192.168.20.59","Modbus/TCP","66","   Query: Trans:    38; Unit:   1, Func:   3: Read Holding Registers"
"168","532.458608067","192.168.20.54","192.168.20.59","TCP","66","[TCP Retransmission] 51398  >  502 [PSH, ACK] Seq=505 Ack=14 Win=130816 Len=12"
"169","532.458806831","192.168.20.59","192.168.20.54","Modbus/TCP","67","Response: Trans:    38; Unit:   1, Func:   3: Read Holding Registers"
"170","532.470708070","192.168.20.59","192.168.20.54","TCP","67","[TCP Retransmission] 502  >  51398 [PSH, ACK] Seq=14 Ack=517 Win=92 Len=13"
"171","532.493645335","192.168.20.54","192.168.20.59","Modbus/TCP","71","   Query: Trans:    39; Unit:   1, Func:  16: Write Multiple Registers"
"172","532.494621983","192.168.20.54","192.168.20.59","TCP","71","[TCP Retransmission] 51398  >  502 [PSH, ACK] Seq=517 Ack=27 Win=130816 Len=17"
"173","532.494869478","192.168.20.59","192.168.20.54","Modbus/TCP","66","Response: Trans:    39; Unit:   1, Func:  16: Write Multiple Registers"
"174","532.506668350","192.168.20.59","192.168.20.54","TCP","66","[TCP Retransmission] 502  >  51398 [PSH, ACK] Seq=27 Ack=534 Win=92 Len=12"
"175","532.553854878","192.168.20.54","192.168.20.59","TCP","60","51398  >  502 [ACK] Seq=534 Ack=39 Win=130816 Len=0"
"176","532.554629503","192.168.20.54","192.168.20.59","TCP","54","[TCP Dup ACK 175#1] 51398  >  502 [ACK] Seq=534 Ack=39 Win=130816 Len=0"
"177","537.927886975","192.168.20.54","192.168.20.59","Modbus/TCP","66","   Query: Trans:    40; Unit:   1, Func:   3: Read Holding Registers"
"178","537.938663042","192.168.20.54","192.168.20.59","TCP","66","[TCP Retransmission] 51398  >  502 [PSH, ACK] Seq=534 Ack=39 Win=130816 Len=12"
"179","537.938894136","192.168.20.59","192.168.20.54","Modbus/TCP","67","Response: Trans:    40; Unit:   1, Func:   3: Read Holding Registers"
"180","537.950704418","192.168.20.59","192.168.20.54","TCP","67","[TCP Retransmission] 502  >  51398 [PSH, ACK] Seq=39 Ack=546 Win=92 Len=13"
"181","537.955402883","192.168.20.54","192.168.20.59","Modbus/TCP","66","   Query: Trans:    41; Unit:   1, Func:   3: Read Holding Registers"
"182","537.962691149","192.168.20.54","192.168.20.59","TCP","66","[TCP Retransmission] 51398  >  502 [PSH, ACK] Seq=546 Ack=52 Win=130816 Len=12"
"183","537.962891683","192.168.20.59","192.168.20.54","Modbus/TCP","67","Response: Trans:    41; Unit:   1, Func:   3: Read Holding Registers"
"184","537.974680195","192.168.20.59","192.168.20.54","TCP","67","[TCP Retransmission] 502  >  51398 [PSH, ACK] Seq=52 Ack=558 Win=92 Len=13"
"185","537.981110594","192.168.20.54","192.168.20.59","Modbus/TCP","71","   Query: Trans:    42; Unit:   1, Func:  16: Write Multiple Registers"
"186","537.986703448","192.168.20.54","192.168.20.59","TCP","71","[TCP Retransmission] 51398  >  502 [PSH, ACK] Seq=558 Ack=65 Win=130816 Len=17"
"187","537.986907094","192.168.20.59","192.168.20.54","Modbus/TCP","66","Response: Trans:    42; Unit:   1, Func:  16: Write Multiple Registers"
"188","537.998720922","192.168.20.59","192.168.20.54","TCP","66","[TCP Retransmission] 502  >  51398 [PSH, ACK] Seq=65 Ack=575 Win=92 Len=12"
"189","538.054743967","192.168.20.54","192.168.20.59","TCP","60","51398  >  502 [ACK] Seq=575 Ack=77 Win=130816 Len=0"
"190","538.058636251","192.168.20.54","192.168.20.59","TCP","54","[TCP Dup ACK 189#1] 51398  >  502 [ACK] Seq=575 Ack=77 Win=130816 Len=0"
"191","543.402401260","192.168.20.54","192.168.20.59","Modbus/TCP","66","   Query: Trans:    43; Unit:   1, Func:   3: Read Holding Registers"
"192","543.410640574","192.168.20.54","192.168.20.59","TCP","66","[TCP Retransmission] 51398  >  502 [PSH, ACK] Seq=575 Ack=77 Win=130816 Len=12"
"193","543.410849203","192.168.20.59","192.168.20.54","Modbus/TCP","67","Response: Trans:    43; Unit:   1, Func:   3: Read Holding Registers"
"194","543.422694074","192.168.20.59","192.168.20.54","TCP","67","[TCP Retransmission] 502  >  51398 [PSH, ACK] Seq=77 Ack=587 Win=92 Len=13"
"195","543.434373296","192.168.20.54","192.168.20.59","Modbus/TCP","66","   Query: Trans:    44; Unit:   1, Func:   3: Read Holding Registers"
"196","543.434677681","192.168.20.54","192.168.20.59","TCP","66","[TCP Retransmission] 51398  >  502 [PSH, ACK] Seq=587 Ack=90 Win=130816 Len=12"
"197","543.434876384","192.168.20.59","192.168.20.54","Modbus/TCP","67","Response: Trans:    44; Unit:   1, Func:   3: Read Holding Registers"
"198","543.446692119","192.168.20.59","192.168.20.54","TCP","67","[TCP Retransmission] 502  >  51398 [PSH, ACK] Seq=90 Ack=599 Win=92 Len=13"
"199","543.451817124","192.168.20.54","192.168.20.59","Modbus/TCP","71","   Query: Trans:    45; Unit:   1, Func:  16: Write Multiple Registers"
"200","543.458687544","192.168.20.54","192.168.20.59","TCP","71","[TCP Retransmission] 51398  >  502 [PSH, ACK] Seq=599 Ack=103 Win=130816 Len=17"
"201","543.458887347","192.168.20.59","192.168.20.54","Modbus/TCP","66","Response: Trans:    45; Unit:   1, Func:  16: Write Multiple Registers"
"202","543.470698582","192.168.20.59","192.168.20.54","TCP","66","[TCP Retransmission] 502  >  51398 [PSH, ACK] Seq=103 Ack=616 Win=92 Len=12"
"203","543.525565849","192.168.20.54","192.168.20.59","TCP","60","51398  >  502 [ACK] Seq=616 Ack=115 Win=130816 Len=0"
"204","543.530628256","192.168.20.54","192.168.20.59","TCP","54","[TCP Dup ACK 203#1] 51398  >  502 [ACK] Seq=616 Ack=115 Win=130816 Len=0"
"205","548.865211523","192.168.20.54","192.168.20.59","Modbus/TCP","66","   Query: Trans:    46; Unit:   1, Func:   3: Read Holding Registers"
"206","548.874645780","192.168.20.54","192.168.20.59","TCP","66","[TCP Retransmission] 51398  >  502 [PSH, ACK] Seq=616 Ack=115 Win=130816 Len=12"
"207","548.874876195","192.168.20.59","192.168.20.54","Modbus/TCP","67","Response: Trans:    46; Unit:   1, Func:   3: Read Holding Registers"
"208","548.886687926","192.168.20.59","192.168.20.54","TCP","67","[TCP Retransmission] 502  >  51398 [PSH, ACK] Seq=115 Ack=628 Win=92 Len=13"
"209","548.892486032","192.168.20.54","192.168.20.59","Modbus/TCP","66","   Query: Trans:    47; Unit:   1, Func:   3: Read Holding Registers"
"210","548.898688179","192.168.20.54","192.168.20.59","TCP","66","[TCP Retransmission] 51398  >  502 [PSH, ACK] Seq=628 Ack=128 Win=130816 Len=12"
"211","548.898886473","192.168.20.59","192.168.20.54","Modbus/TCP","67","Response: Trans:    47; Unit:   1, Func:   3: Read Holding Registers"
"212","548.910693441","192.168.20.59","192.168.20.54","TCP","67","[TCP Retransmission] 502  >  51398 [PSH, ACK] Seq=128 Ack=640 Win=92 Len=13"
"213","548.917920042","192.168.20.54","192.168.20.59","Modbus/TCP","71","   Query: Trans:    48; Unit:   1, Func:  16: Write Multiple Registers"
"214","548.922686581","192.168.20.54","192.168.20.59","TCP","71","[TCP Retransmission] 51398  >  502 [PSH, ACK] Seq=640 Ack=141 Win=130560 Len=17"
"215","548.922885246","192.168.20.59","192.168.20.54","Modbus/TCP","66","Response: Trans:    48; Unit:   1, Func:  16: Write Multiple Registers"
"216","548.934692610","192.168.20.59","192.168.20.54","TCP","66","[TCP Retransmission] 502  >  51398 [PSH, ACK] Seq=141 Ack=657 Win=92 Len=12"
"217","548.984075529","192.168.20.54","192.168.20.59","TCP","60","51398  >  502 [ACK] Seq=657 Ack=153 Win=130560 Len=0"
"218","548.994655639","192.168.20.54","192.168.20.59","TCP","54","[TCP Dup ACK 217#1] 51398  >  502 [ACK] Seq=657 Ack=153 Win=130560 Len=0"
"219","554.325524709","192.168.20.54","192.168.20.59","Modbus/TCP","66","   Query: Trans:    49; Unit:   1, Func:   3: Read Holding Registers"
"220","554.330678020","192.168.20.54","192.168.20.59","TCP","66","[TCP Retransmission] 51398  >  502 [PSH, ACK] Seq=657 Ack=153 Win=130560 Len=12"
"221","554.330906265","192.168.20.59","192.168.20.54","Modbus/TCP","67","Response: Trans:    49; Unit:   1, Func:   3: Read Holding Registers"
"222","554.342724010","192.168.20.59","192.168.20.54","TCP","67","[TCP Retransmission] 502  >  51398 [PSH, ACK] Seq=153 Ack=669 Win=92 Len=13"
"223","554.359849229","192.168.20.54","192.168.20.59","Modbus/TCP","66","   Query: Trans:    50; Unit:   1, Func:   3: Read Holding Registers"
"224","554.366659767","192.168.20.54","192.168.20.59","TCP","66","[TCP Retransmission] 51398  >  502 [PSH, ACK] Seq=669 Ack=166 Win=130560 Len=12"
"225","554.366888398","192.168.20.59","192.168.20.54","Modbus/TCP","67","Response: Trans:    50; Unit:   1, Func:   3: Read Holding Registers"
"226","554.378693887","192.168.20.59","192.168.20.54","TCP","67","[TCP Retransmission] 502  >  51398 [PSH, ACK] Seq=166 Ack=681 Win=92 Len=13"
"227","554.402182147","192.168.20.54","192.168.20.59","Modbus/TCP","71","   Query: Trans:    51; Unit:   1, Func:  16: Write Multiple Registers"
"228","554.402629072","192.168.20.54","192.168.20.59","TCP","71","[TCP Retransmission] 51398  >  502 [PSH, ACK] Seq=681 Ack=179 Win=130560 Len=17"
"229","554.402855965","192.168.20.59","192.168.20.54","Modbus/TCP","66","Response: Trans:    51; Unit:   1, Func:  16: Write Multiple Registers"
"230","554.414692625","192.168.20.59","192.168.20.54","TCP","66","[TCP Retransmission] 502  >  51398 [PSH, ACK] Seq=179 Ack=698 Win=92 Len=12"
"231","554.461720183","192.168.20.54","192.168.20.59","TCP","60","51398  >  502 [ACK] Seq=698 Ack=191 Win=130560 Len=0"
"232","554.462637338","192.168.20.54","192.168.20.59","TCP","54","[TCP Dup ACK 231#1] 51398  >  502 [ACK] Seq=698 Ack=191 Win=130560 Len=0"
"233","559.828247908","192.168.20.54","192.168.20.59","Modbus/TCP","66","   Query: Trans:    52; Unit:   1, Func:   3: Read Holding Registers"
"234","559.838630406","192.168.20.54","192.168.20.59","TCP","66","[TCP Retransmission] 51398  >  502 [PSH, ACK] Seq=698 Ack=191 Win=130560 Len=12"
"235","559.838830026","192.168.20.59","192.168.20.54","Modbus/TCP","67","Response: Trans:    52; Unit:   1, Func:   3: Read Holding Registers"
"236","559.850689844","192.168.20.59","192.168.20.54","TCP","67","[TCP Retransmission] 502  >  51398 [PSH, ACK] Seq=191 Ack=710 Win=92 Len=13"
"237","559.869555172","192.168.20.54","192.168.20.59","Modbus/TCP","66","   Query: Trans:    53; Unit:   1, Func:   3: Read Holding Registers"
"238","559.874636571","192.168.20.54","192.168.20.59","TCP","66","[TCP Retransmission] 51398  >  502 [PSH, ACK] Seq=710 Ack=204 Win=130560 Len=12"
"239","559.874864979","192.168.20.59","192.168.20.54","Modbus/TCP","67","Response: Trans:    53; Unit:   1, Func:   3: Read Holding Registers"
"240","559.886674189","192.168.20.59","192.168.20.54","TCP","67","[TCP Retransmission] 502  >  51398 [PSH, ACK] Seq=204 Ack=722 Win=92 Len=13"
"241","559.900760134","192.168.20.54","192.168.20.59","Modbus/TCP","71","   Query: Trans:    54; Unit:   1, Func:  16: Write Multiple Registers"
"242","559.910633775","192.168.20.54","192.168.20.59","TCP","71","[TCP Retransmission] 51398  >  502 [PSH, ACK] Seq=722 Ack=217 Win=130560 Len=17"
"243","559.910861998","192.168.20.59","192.168.20.54","Modbus/TCP","66","Response: Trans:    54; Unit:   1, Func:  16: Write Multiple Registers"
"244","559.922689632","192.168.20.59","192.168.20.54","TCP","66","[TCP Retransmission] 502  >  51398 [PSH, ACK] Seq=217 Ack=739 Win=92 Len=12"
"245","559.976284936","192.168.20.54","192.168.20.59","TCP","60","51398  >  502 [ACK] Seq=739 Ack=229 Win=130560 Len=0"
"246","559.982638441","192.168.20.54","192.168.20.59","TCP","54","[TCP Dup ACK 245#1] 51398  >  502 [ACK] Seq=739 Ack=229 Win=130560 Len=0"
"247","565.386554527","192.168.20.54","192.168.20.59","Modbus/TCP","66","   Query: Trans:    55; Unit:   1, Func:   3: Read Holding Registers"
"248","565.398631459","192.168.20.54","192.168.20.59","TCP","66","[TCP Retransmission] 51398  >  502 [PSH, ACK] Seq=739 Ack=229 Win=130560 Len=12"
"249","565.398837598","192.168.20.59","192.168.20.54","Modbus/TCP","67","Response: Trans:    55; Unit:   1, Func:   3: Read Holding Registers"
"250","565.410690621","192.168.20.59","192.168.20.54","TCP","67","[TCP Retransmission] 502  >  51398 [PSH, ACK] Seq=229 Ack=751 Win=92 Len=13"
"251","565.416263044","192.168.20.54","192.168.20.59","Modbus/TCP","66","   Query: Trans:    56; Unit:   1, Func:   3: Read Holding Registers"
"252","565.422689335","192.168.20.54","192.168.20.59","TCP","66","[TCP Retransmission] 51398  >  502 [PSH, ACK] Seq=751 Ack=242 Win=130560 Len=12"
"253","565.422889086","192.168.20.59","192.168.20.54","Modbus/TCP","67","Response: Trans:    56; Unit:   1, Func:   3: Read Holding Registers"
"254","565.434690797","192.168.20.59","192.168.20.54","TCP","67","[TCP Retransmission] 502  >  51398 [PSH, ACK] Seq=242 Ack=763 Win=92 Len=13"
"255","565.440442447","192.168.20.54","192.168.20.59","Modbus/TCP","71","   Query: Trans:    57; Unit:   1, Func:  16: Write Multiple Registers"
"256","565.446687174","192.168.20.54","192.168.20.59","TCP","71","[TCP Retransmission] 51398  >  502 [PSH, ACK] Seq=763 Ack=255 Win=130560 Len=17"
"257","565.446890647","192.168.20.59","192.168.20.54","Modbus/TCP","66","Response: Trans:    57; Unit:   1, Func:  16: Write Multiple Registers"
"258","565.458690223","192.168.20.59","192.168.20.54","TCP","66","[TCP Retransmission] 502  >  51398 [PSH, ACK] Seq=255 Ack=780 Win=92 Len=12"
"259","565.538203871","192.168.20.54","192.168.20.59","TCP","60","51398  >  502 [ACK] Seq=780 Ack=267 Win=130560 Len=0"
"260","565.542628627","192.168.20.54","192.168.20.59","TCP","54","[TCP Dup ACK 259#1] 51398  >  502 [ACK] Seq=780 Ack=267 Win=130560 Len=0"
"261","570.909904322","192.168.20.54","192.168.20.59","Modbus/TCP","66","   Query: Trans:    58; Unit:   1, Func:   3: Read Holding Registers"
"262","570.918649762","192.168.20.54","192.168.20.59","TCP","66","[TCP Retransmission] 51398  >  502 [PSH, ACK] Seq=780 Ack=267 Win=130560 Len=12"
"263","570.918871786","192.168.20.59","192.168.20.54","Modbus/TCP","67","Response: Trans:    58; Unit:   1, Func:   3: Read Holding Registers"
"264","570.930685819","192.168.20.59","192.168.20.54","TCP","67","[TCP Retransmission] 502  >  51398 [PSH, ACK] Seq=267 Ack=792 Win=92 Len=13"
"265","570.941841717","192.168.20.54","192.168.20.59","Modbus/TCP","66","   Query: Trans:    59; Unit:   1, Func:   3: Read Holding Registers"
"266","570.942688773","192.168.20.54","192.168.20.59","TCP","66","[TCP Retransmission] 51398  >  502 [PSH, ACK] Seq=792 Ack=280 Win=130560 Len=12"
"267","570.942887002","192.168.20.59","192.168.20.54","Modbus/TCP","67","Response: Trans:    59; Unit:   1, Func:   3: Read Holding Registers"
"268","570.954682056","192.168.20.59","192.168.20.54","TCP","67","[TCP Retransmission] 502  >  51398 [PSH, ACK] Seq=280 Ack=804 Win=92 Len=13"
"269","570.974241704","192.168.20.54","192.168.20.59","Modbus/TCP","71","   Query: Trans:    60; Unit:   1, Func:  16: Write Multiple Registers"
"270","570.978622865","192.168.20.54","192.168.20.59","TCP","71","[TCP Retransmission] 51398  >  502 [PSH, ACK] Seq=804 Ack=293 Win=130560 Len=17"
"271","570.978843712","192.168.20.59","192.168.20.54","Modbus/TCP","66","Response: Trans:    60; Unit:   1, Func:  16: Write Multiple Registers"
"272","570.990685095","192.168.20.59","192.168.20.54","TCP","66","[TCP Retransmission] 502  >  51398 [PSH, ACK] Seq=293 Ack=821 Win=92 Len=12"
"273","571.038569281","192.168.20.54","192.168.20.59","TCP","60","51398  >  502 [ACK] Seq=821 Ack=305 Win=130560 Len=0"
"274","571.050648812","192.168.20.54","192.168.20.59","TCP","54","[TCP Dup ACK 273#1] 51398  >  502 [ACK] Seq=821 Ack=305 Win=130560 Len=0"
"275","576.417419767","192.168.20.54","192.168.20.59","Modbus/TCP","66","   Query: Trans:    61; Unit:   1, Func:   3: Read Holding Registers"
"276","576.422672403","192.168.20.54","192.168.20.59","TCP","66","[TCP Retransmission] 51398  >  502 [PSH, ACK] Seq=821 Ack=305 Win=130560 Len=12"
"277","576.422922889","192.168.20.59","192.168.20.54","Modbus/TCP","67","Response: Trans:    61; Unit:   1, Func:   3: Read Holding Registers"
"278","576.434723948","192.168.20.59","192.168.20.54","TCP","67","[TCP Retransmission] 502  >  51398 [PSH, ACK] Seq=305 Ack=833 Win=92 Len=13"
"279","576.456323482","192.168.20.54","192.168.20.59","Modbus/TCP","66","   Query: Trans:    62; Unit:   1, Func:   3: Read Holding Registers"
"280","576.458657618","192.168.20.54","192.168.20.59","TCP","66","[TCP Retransmission] 51398  >  502 [PSH, ACK] Seq=833 Ack=318 Win=130560 Len=12"
"281","576.458886795","192.168.20.59","192.168.20.54","Modbus/TCP","67","Response: Trans:    62; Unit:   1, Func:   3: Read Holding Registers"
"282","576.470691216","192.168.20.59","192.168.20.54","TCP","67","[TCP Retransmission] 502  >  51398 [PSH, ACK] Seq=318 Ack=845 Win=92 Len=13"
"283","576.480317404","192.168.20.54","192.168.20.59","Modbus/TCP","71","   Query: Trans:    63; Unit:   1, Func:  16: Write Multiple Registers"
"284","576.482718659","192.168.20.54","192.168.20.59","TCP","71","[TCP Retransmission] 51398  >  502 [PSH, ACK] Seq=845 Ack=331 Win=130560 Len=17"
"285","576.482921198","192.168.20.59","192.168.20.54","Modbus/TCP","66","Response: Trans:    63; Unit:   1, Func:  16: Write Multiple Registers"
"286","576.494691496","192.168.20.59","192.168.20.54","TCP","66","[TCP Retransmission] 502  >  51398 [PSH, ACK] Seq=331 Ack=862 Win=92 Len=12"
"287","576.546414965","192.168.20.54","192.168.20.59","TCP","60","51398  >  502 [ACK] Seq=862 Ack=343 Win=130560 Len=0"
"288","576.554657813","192.168.20.54","192.168.20.59","TCP","54","[TCP Dup ACK 287#1] 51398  >  502 [ACK] Seq=862 Ack=343 Win=130560 Len=0"
"289","581.913687009","192.168.20.54","192.168.20.59","Modbus/TCP","66","   Query: Trans:    64; Unit:   1, Func:   3: Read Holding Registers"
"290","581.922631121","192.168.20.54","192.168.20.59","TCP","66","[TCP Retransmission] 51398  >  502 [PSH, ACK] Seq=862 Ack=343 Win=130560 Len=12"
"291","581.922858961","192.168.20.59","192.168.20.54","Modbus/TCP","67","Response: Trans:    64; Unit:   1, Func:   3: Read Holding Registers"
"292","581.934692065","192.168.20.59","192.168.20.54","TCP","67","[TCP Retransmission] 502  >  51398 [PSH, ACK] Seq=343 Ack=874 Win=92 Len=13"
"293","581.944097645","192.168.20.54","192.168.20.59","Modbus/TCP","66","   Query: Trans:    65; Unit:   1, Func:   3: Read Holding Registers"
"294","581.946690507","192.168.20.54","192.168.20.59","TCP","66","[TCP Retransmission] 51398  >  502 [PSH, ACK] Seq=874 Ack=356 Win=130560 Len=12"
"295","581.946893081","192.168.20.59","192.168.20.54","Modbus/TCP","67","Response: Trans:    65; Unit:   1, Func:   3: Read Holding Registers"
"296","581.958718393","192.168.20.59","192.168.20.54","TCP","67","[TCP Retransmission] 502  >  51398 [PSH, ACK] Seq=356 Ack=886 Win=92 Len=13"
"297","581.964004961","192.168.20.54","192.168.20.59","Modbus/TCP","71","   Query: Trans:    66; Unit:   1, Func:  16: Write Multiple Registers"
"298","581.970690966","192.168.20.54","192.168.20.59","TCP","71","[TCP Retransmission] 51398  >  502 [PSH, ACK] Seq=886 Ack=369 Win=130560 Len=17"
"299","581.970895061","192.168.20.59","192.168.20.54","Modbus/TCP","66","Response: Trans:    66; Unit:   1, Func:  16: Write Multiple Registers"
"300","581.982719894","192.168.20.59","192.168.20.54","TCP","66","[TCP Retransmission] 502  >  51398 [PSH, ACK] Seq=369 Ack=903 Win=92 Len=12"
"301","582.033444802","192.168.20.54","192.168.20.59","TCP","60","51398  >  502 [ACK] Seq=903 Ack=381 Win=130560 Len=0"
"302","582.042663896","192.168.20.54","192.168.20.59","TCP","54","[TCP Dup ACK 301#1] 51398  >  502 [ACK] Seq=903 Ack=381 Win=130560 Len=0"
"303","587.402388284","192.168.20.54","192.168.20.59","Modbus/TCP","66","   Query: Trans:    67; Unit:   1, Func:   3: Read Holding Registers"
"304","587.410680934","192.168.20.54","192.168.20.59","TCP","66","[TCP Retransmission] 51398  >  502 [PSH, ACK] Seq=903 Ack=381 Win=130560 Len=12"
"305","587.410906435","192.168.20.59","192.168.20.54","Modbus/TCP","67","Response: Trans:    67; Unit:   1, Func:   3: Read Holding Registers"
"306","587.422686131","192.168.20.59","192.168.20.54","TCP","67","[TCP Retransmission] 502  >  51398 [PSH, ACK] Seq=381 Ack=915 Win=92 Len=13"
"307","587.452380677","192.168.20.54","192.168.20.59","Modbus/TCP","66","   Query: Trans:    68; Unit:   1, Func:   3: Read Holding Registers"
"308","587.458646199","192.168.20.54","192.168.20.59","TCP","66","[TCP Retransmission] 51398  >  502 [PSH, ACK] Seq=915 Ack=394 Win=130304 Len=12"
"309","587.458871675","192.168.20.59","192.168.20.54","Modbus/TCP","67","Response: Trans:    68; Unit:   1, Func:   3: Read Holding Registers"
"310","587.470685928","192.168.20.59","192.168.20.54","TCP","67","[TCP Retransmission] 502  >  51398 [PSH, ACK] Seq=394 Ack=927 Win=92 Len=13"
"311","587.476909379","192.168.20.54","192.168.20.59","Modbus/TCP","71","   Query: Trans:    69; Unit:   1, Func:  16: Write Multiple Registers"
"312","587.482685674","192.168.20.54","192.168.20.59","TCP","71","[TCP Retransmission] 51398  >  502 [PSH, ACK] Seq=927 Ack=407 Win=130304 Len=17"
"313","587.482882535","192.168.20.59","192.168.20.54","Modbus/TCP","66","Response: Trans:    69; Unit:   1, Func:  16: Write Multiple Registers"
"314","587.494684175","192.168.20.59","192.168.20.54","TCP","66","[TCP Retransmission] 502  >  51398 [PSH, ACK] Seq=407 Ack=944 Win=92 Len=12"
"315","587.549491271","192.168.20.54","192.168.20.59","TCP","60","51398  >  502 [ACK] Seq=944 Ack=419 Win=130304 Len=0"
"316","587.558645677","192.168.20.54","192.168.20.59","TCP","54","[TCP Dup ACK 315#1] 51398  >  502 [ACK] Seq=944 Ack=419 Win=130304 Len=0"
"317","592.902795674","192.168.20.54","192.168.20.59","Modbus/TCP","66","   Query: Trans:    70; Unit:   1, Func:   3: Read Holding Registers"
"318","592.910661936","192.168.20.54","192.168.20.59","TCP","66","[TCP Retransmission] 51398  >  502 [PSH, ACK] Seq=944 Ack=419 Win=130304 Len=12"
"319","592.910890579","192.168.20.59","192.168.20.54","Modbus/TCP","67","Response: Trans:    70; Unit:   1, Func:   3: Read Holding Registers"
"320","592.922685051","192.168.20.59","192.168.20.54","TCP","67","[TCP Retransmission] 502  >  51398 [PSH, ACK] Seq=419 Ack=956 Win=92 Len=13"
"321","592.929114844","192.168.20.54","192.168.20.59","Modbus/TCP","66","   Query: Trans:    71; Unit:   1, Func:   3: Read Holding Registers"
"322","592.934809478","192.168.20.54","192.168.20.59","TCP","66","[TCP Retransmission] 51398  >  502 [PSH, ACK] Seq=956 Ack=432 Win=130304 Len=12"
"323","592.935203326","192.168.20.59","192.168.20.54","Modbus/TCP","67","Response: Trans:    71; Unit:   1, Func:   3: Read Holding Registers"
"324","592.946694194","192.168.20.59","192.168.20.54","TCP","67","[TCP Retransmission] 502  >  51398 [PSH, ACK] Seq=432 Ack=968 Win=92 Len=13"
"325","592.955120267","192.168.20.54","192.168.20.59","Modbus/TCP","71","   Query: Trans:    72; Unit:   1, Func:  16: Write Multiple Registers"
"326","592.958687805","192.168.20.54","192.168.20.59","TCP","71","[TCP Retransmission] 51398  >  502 [PSH, ACK] Seq=968 Ack=445 Win=130304 Len=17"
"327","592.958887044","192.168.20.59","192.168.20.54","Modbus/TCP","66","Response: Trans:    72; Unit:   1, Func:  16: Write Multiple Registers"
"328","592.970698569","192.168.20.59","192.168.20.54","TCP","66","[TCP Retransmission] 502  >  51398 [PSH, ACK] Seq=445 Ack=985 Win=92 Len=12"
"329","593.031499121","192.168.20.54","192.168.20.59","TCP","60","51398  >  502 [ACK] Seq=985 Ack=457 Win=130304 Len=0"
"330","593.042639194","192.168.20.54","192.168.20.59","TCP","54","[TCP Dup ACK 329#1] 51398  >  502 [ACK] Seq=985 Ack=457 Win=130304 Len=0"
"331","598.741715176","192.168.20.54","192.168.20.59","Modbus/TCP","66","   Query: Trans:    73; Unit:   1, Func:   3: Read Holding Registers"
"332","598.750677394","192.168.20.54","192.168.20.59","TCP","66","[TCP Retransmission] 51398  >  502 [PSH, ACK] Seq=985 Ack=457 Win=130304 Len=12"
"333","598.750900640","192.168.20.59","192.168.20.54","Modbus/TCP","67","Response: Trans:    73; Unit:   1, Func:   3: Read Holding Registers"
"334","598.762682360","192.168.20.59","192.168.20.54","TCP","67","[TCP Retransmission] 502  >  51398 [PSH, ACK] Seq=457 Ack=997 Win=92 Len=13"
"335","598.767887229","192.168.20.54","192.168.20.59","Modbus/TCP","66","   Query: Trans:    74; Unit:   1, Func:   3: Read Holding Registers"
"336","598.774686325","192.168.20.54","192.168.20.59","TCP","66","[TCP Retransmission] 51398  >  502 [PSH, ACK] Seq=997 Ack=470 Win=130304 Len=12"
"337","598.774884719","192.168.20.59","192.168.20.54","Modbus/TCP","67","Response: Trans:    74; Unit:   1, Func:   3: Read Holding Registers"
"338","598.786695243","192.168.20.59","192.168.20.54","TCP","67","[TCP Retransmission] 502  >  51398 [PSH, ACK] Seq=470 Ack=1009 Win=92 Len=13"
"339","598.794472377","192.168.20.54","192.168.20.59","Modbus/TCP","71","   Query: Trans:    75; Unit:   1, Func:  16: Write Multiple Registers"
"340","598.798673243","192.168.20.54","192.168.20.59","TCP","71","[TCP Retransmission] 51398  >  502 [PSH, ACK] Seq=1009 Ack=483 Win=130304 Len=17"
"341","598.798867714","192.168.20.59","192.168.20.54","Modbus/TCP","66","Response: Trans:    75; Unit:   1, Func:  16: Write Multiple Registers"
"342","598.810704080","192.168.20.59","192.168.20.54","TCP","66","[TCP Retransmission] 502  >  51398 [PSH, ACK] Seq=483 Ack=1026 Win=92 Len=12"
"343","598.858558920","192.168.20.54","192.168.20.59","TCP","60","51398  >  502 [ACK] Seq=1026 Ack=495 Win=130304 Len=0"
"344","598.870626455","192.168.20.54","192.168.20.59","TCP","54","[TCP Dup ACK 343#1] 51398  >  502 [ACK] Seq=1026 Ack=495 Win=130304 Len=0"
"345","604.412078319","192.168.20.54","192.168.20.59","Modbus/TCP","66","   Query: Trans:    76; Unit:   1, Func:   3: Read Holding Registers"
"346","604.414671038","192.168.20.54","192.168.20.59","TCP","66","[TCP Retransmission] 51398  >  502 [PSH, ACK] Seq=1026 Ack=495 Win=130304 Len=12"
"347","604.414896121","192.168.20.59","192.168.20.54","Modbus/TCP","67","Response: Trans:    76; Unit:   1, Func:   3: Read Holding Registers"
"348","604.426685279","192.168.20.59","192.168.20.54","TCP","67","[TCP Retransmission] 502  >  51398 [PSH, ACK] Seq=495 Ack=1038 Win=92 Len=13"
"349","604.459113379","192.168.20.54","192.168.20.59","Modbus/TCP","66","   Query: Trans:    77; Unit:   1, Func:   3: Read Holding Registers"
"350","604.462646499","192.168.20.54","192.168.20.59","TCP","66","[TCP Retransmission] 51398  >  502 [PSH, ACK] Seq=1038 Ack=508 Win=130304 Len=12"
"351","604.462872173","192.168.20.59","192.168.20.54","Modbus/TCP","67","Response: Trans:    77; Unit:   1, Func:   3: Read Holding Registers"
"352","604.474685250","192.168.20.59","192.168.20.54","TCP","67","[TCP Retransmission] 502  >  51398 [PSH, ACK] Seq=508 Ack=1050 Win=92 Len=13"
"353","604.487254764","192.168.20.54","192.168.20.59","Modbus/TCP","71","   Query: Trans:    78; Unit:   1, Func:  16: Write Multiple Registers"
"354","604.498624119","192.168.20.54","192.168.20.59","TCP","71","[TCP Retransmission] 51398  >  502 [PSH, ACK] Seq=1050 Ack=521 Win=130304 Len=17"
"355","604.498849578","192.168.20.59","192.168.20.54","Modbus/TCP","66","Response: Trans:    78; Unit:   1, Func:  16: Write Multiple Registers"
"356","604.510683751","192.168.20.59","192.168.20.54","TCP","66","[TCP Retransmission] 502  >  51398 [PSH, ACK] Seq=521 Ack=1067 Win=92 Len=12"
"357","604.562505955","192.168.20.54","192.168.20.59","TCP","60","51398  >  502 [ACK] Seq=1067 Ack=533 Win=130304 Len=0"
"358","604.574647669","192.168.20.54","192.168.20.59","TCP","54","[TCP Dup ACK 357#1] 51398  >  502 [ACK] Seq=1067 Ack=533 Win=130304 Len=0"
"359","609.933190886","192.168.20.54","192.168.20.59","Modbus/TCP","66","   Query: Trans:    79; Unit:   1, Func:   3: Read Holding Registers"
"360","609.938643980","192.168.20.54","192.168.20.59","TCP","66","[TCP Retransmission] 51398  >  502 [PSH, ACK] Seq=1067 Ack=533 Win=130304 Len=12"
"361","609.938874006","192.168.20.59","192.168.20.54","Modbus/TCP","67","Response: Trans:    79; Unit:   1, Func:   3: Read Holding Registers"
"362","609.950685922","192.168.20.59","192.168.20.54","TCP","67","[TCP Retransmission] 502  >  51398 [PSH, ACK] Seq=533 Ack=1079 Win=92 Len=13"
"363","609.957963468","192.168.20.54","192.168.20.59","Modbus/TCP","66","   Query: Trans:    80; Unit:   1, Func:   3: Read Holding Registers"
"364","609.962687013","192.168.20.54","192.168.20.59","TCP","66","[TCP Retransmission] 51398  >  502 [PSH, ACK] Seq=1079 Ack=546 Win=130304 Len=12"
"365","609.962881654","192.168.20.59","192.168.20.54","Modbus/TCP","67","Response: Trans:    80; Unit:   1, Func:   3: Read Holding Registers"
"366","609.974692971","192.168.20.59","192.168.20.54","TCP","67","[TCP Retransmission] 502  >  51398 [PSH, ACK] Seq=546 Ack=1091 Win=92 Len=13"
"367","610.000946800","192.168.20.54","192.168.20.59","Modbus/TCP","71","   Query: Trans:    81; Unit:   1, Func:  16: Write Multiple Registers"
"368","610.010647386","192.168.20.54","192.168.20.59","TCP","71","[TCP Retransmission] 51398  >  502 [PSH, ACK] Seq=1091 Ack=559 Win=130304 Len=17"
"369","610.010872775","192.168.20.59","192.168.20.54","Modbus/TCP","66","Response: Trans:    81; Unit:   1, Func:  16: Write Multiple Registers"
"370","610.022685365","192.168.20.59","192.168.20.54","TCP","66","[TCP Retransmission] 502  >  51398 [PSH, ACK] Seq=559 Ack=1108 Win=92 Len=12"
"371","610.076177503","192.168.20.54","192.168.20.59","TCP","60","51398  >  502 [ACK] Seq=1108 Ack=571 Win=130304 Len=0"
"372","610.082650257","192.168.20.54","192.168.20.59","TCP","54","[TCP Dup ACK 371#1] 51398  >  502 [ACK] Seq=1108 Ack=571 Win=130304 Len=0"
"373","615.435954786","192.168.20.54","192.168.20.59","Modbus/TCP","66","   Query: Trans:    82; Unit:   1, Func:   3: Read Holding Registers"
"374","615.446682398","192.168.20.54","192.168.20.59","TCP","66","[TCP Retransmission] 51398  >  502 [PSH, ACK] Seq=1108 Ack=571 Win=130304 Len=12"
"375","615.446864370","192.168.20.59","192.168.20.54","Modbus/TCP","67","Response: Trans:    82; Unit:   1, Func:   3: Read Holding Registers"
"376","615.458684525","192.168.20.59","192.168.20.54","TCP","67","[TCP Retransmission] 502  >  51398 [PSH, ACK] Seq=571 Ack=1120 Win=92 Len=13"
"377","615.464039793","192.168.20.54","192.168.20.59","Modbus/TCP","66","   Query: Trans:    83; Unit:   1, Func:   3: Read Holding Registers"
"378","615.470688284","192.168.20.54","192.168.20.59","TCP","66","[TCP Retransmission] 51398  >  502 [PSH, ACK] Seq=1120 Ack=584 Win=130304 Len=12"
"379","615.470889503","192.168.20.59","192.168.20.54","Modbus/TCP","67","Response: Trans:    83; Unit:   1, Func:   3: Read Holding Registers"
"380","615.482693123","192.168.20.59","192.168.20.54","TCP","67","[TCP Retransmission] 502  >  51398 [PSH, ACK] Seq=584 Ack=1132 Win=92 Len=13"
"381","615.490893374","192.168.20.54","192.168.20.59","Modbus/TCP","71","   Query: Trans:    84; Unit:   1, Func:  16: Write Multiple Registers"
"382","615.494685533","192.168.20.54","192.168.20.59","TCP","71","[TCP Retransmission] 51398  >  502 [PSH, ACK] Seq=1132 Ack=597 Win=130304 Len=17"
"383","615.494882375","192.168.20.59","192.168.20.54","Modbus/TCP","66","Response: Trans:    84; Unit:   1, Func:  16: Write Multiple Registers"
"384","615.506691860","192.168.20.59","192.168.20.54","TCP","66","[TCP Retransmission] 502  >  51398 [PSH, ACK] Seq=597 Ack=1149 Win=92 Len=12"
"385","615.548830745","192.168.20.54","192.168.20.59","TCP","60","51398  >  502 [ACK] Seq=1149 Ack=609 Win=130304 Len=0"
"386","615.558645515","192.168.20.54","192.168.20.59","TCP","54","[TCP Dup ACK 385#1] 51398  >  502 [ACK] Seq=1149 Ack=609 Win=130304 Len=0"
"387","620.936483110","192.168.20.54","192.168.20.59","Modbus/TCP","66","   Query: Trans:    85; Unit:   1, Func:   3: Read Holding Registers"
"388","620.938801435","192.168.20.54","192.168.20.59","TCP","66","[TCP Retransmission] 51398  >  502 [PSH, ACK] Seq=1149 Ack=609 Win=130304 Len=12"
"389","620.938955851","192.168.20.59","192.168.20.54","Modbus/TCP","67","Response: Trans:    85; Unit:   1, Func:   3: Read Holding Registers"
"390","620.950697896","192.168.20.59","192.168.20.54","TCP","67","[TCP Retransmission] 502  >  51398 [PSH, ACK] Seq=609 Ack=1161 Win=92 Len=13"
"391","620.992416595","192.168.20.54","192.168.20.59","Modbus/TCP","66","   Query: Trans:    86; Unit:   1, Func:   3: Read Holding Registers"
"392","620.998630023","192.168.20.54","192.168.20.59","TCP","66","[TCP Retransmission] 51398  >  502 [PSH, ACK] Seq=1161 Ack=622 Win=130304 Len=12"
"393","620.998842264","192.168.20.59","192.168.20.54","Modbus/TCP","67","Response: Trans:    86; Unit:   1, Func:   3: Read Holding Registers"
"394","621.010720676","192.168.20.59","192.168.20.54","TCP","67","[TCP Retransmission] 502  >  51398 [PSH, ACK] Seq=622 Ack=1173 Win=92 Len=13"
"395","621.039768591","192.168.20.54","192.168.20.59","Modbus/TCP","71","   Query: Trans:    87; Unit:   1, Func:  16: Write Multiple Registers"
"396","621.046629703","192.168.20.54","192.168.20.59","TCP","71","[TCP Retransmission] 51398  >  502 [PSH, ACK] Seq=1173 Ack=635 Win=130304 Len=17"
"397","621.046856821","192.168.20.59","192.168.20.54","Modbus/TCP","66","Response: Trans:    87; Unit:   1, Func:  16: Write Multiple Registers"
"398","621.058720314","192.168.20.59","192.168.20.54","TCP","66","[TCP Retransmission] 502  >  51398 [PSH, ACK] Seq=635 Ack=1190 Win=92 Len=12"
"399","621.112873004","192.168.20.54","192.168.20.59","TCP","60","51398  >  502 [ACK] Seq=1190 Ack=647 Win=130048 Len=0"
"400","621.118630581","192.168.20.54","192.168.20.59","TCP","54","[TCP Dup ACK 399#1] 51398  >  502 [ACK] Seq=1190 Ack=647 Win=130048 Len=0"
"401","626.477189419","192.168.20.54","192.168.20.59","Modbus/TCP","66","   Query: Trans:    88; Unit:   1, Func:   3: Read Holding Registers"
"402","626.478666232","192.168.20.54","192.168.20.59","TCP","66","[TCP Retransmission] 51398  >  502 [PSH, ACK] Seq=1190 Ack=647 Win=130048 Len=12"
"403","626.478895044","192.168.20.59","192.168.20.54","Modbus/TCP","67","Response: Trans:    88; Unit:   1, Func:   3: Read Holding Registers"
"404","626.490687787","192.168.20.59","192.168.20.54","TCP","67","[TCP Retransmission] 502  >  51398 [PSH, ACK] Seq=647 Ack=1202 Win=92 Len=13"
"405","626.497905459","192.168.20.54","192.168.20.59","Modbus/TCP","66","   Query: Trans:    89; Unit:   1, Func:   3: Read Holding Registers"
"406","626.502806150","192.168.20.54","192.168.20.59","TCP","66","[TCP Retransmission] 51398  >  502 [PSH, ACK] Seq=1202 Ack=660 Win=130048 Len=12"
"407","626.503202306","192.168.20.59","192.168.20.54","Modbus/TCP","67","Response: Trans:    89; Unit:   1, Func:   3: Read Holding Registers"
"408","626.514696379","192.168.20.59","192.168.20.54","TCP","67","[TCP Retransmission] 502  >  51398 [PSH, ACK] Seq=660 Ack=1214 Win=92 Len=13"
"409","626.525349490","192.168.20.54","192.168.20.59","Modbus/TCP","71","   Query: Trans:    90; Unit:   1, Func:  16: Write Multiple Registers"
"410","626.526692075","192.168.20.54","192.168.20.59","TCP","71","[TCP Retransmission] 51398  >  502 [PSH, ACK] Seq=1214 Ack=673 Win=130048 Len=17"
"411","626.526893333","192.168.20.59","192.168.20.54","Modbus/TCP","66","Response: Trans:    90; Unit:   1, Func:  16: Write Multiple Registers"
"412","626.538686547","192.168.20.59","192.168.20.54","TCP","66","[TCP Retransmission] 502  >  51398 [PSH, ACK] Seq=673 Ack=1231 Win=92 Len=12"
"413","626.600980748","192.168.20.54","192.168.20.59","TCP","60","51398  >  502 [ACK] Seq=1231 Ack=685 Win=130048 Len=0"
"414","626.610660918","192.168.20.54","192.168.20.59","TCP","54","[TCP Dup ACK 413#1] 51398  >  502 [ACK] Seq=1231 Ack=685 Win=130048 Len=0"
"415","631.984413355","192.168.20.54","192.168.20.59","Modbus/TCP","66","   Query: Trans:    91; Unit:   1, Func:   3: Read Holding Registers"
"416","631.986658945","192.168.20.54","192.168.20.59","TCP","66","[TCP Retransmission] 51398  >  502 [PSH, ACK] Seq=1231 Ack=685 Win=130048 Len=12"
"417","631.986886333","192.168.20.59","192.168.20.54","Modbus/TCP","67","Response: Trans:    91; Unit:   1, Func:   3: Read Holding Registers"
"418","631.998689154","192.168.20.59","192.168.20.54","TCP","67","[TCP Retransmission] 502  >  51398 [PSH, ACK] Seq=685 Ack=1243 Win=92 Len=13"
"419","632.004112613","192.168.20.54","192.168.20.59","Modbus/TCP","66","   Query: Trans:    92; Unit:   1, Func:   3: Read Holding Registers"
"420","632.010691747","192.168.20.54","192.168.20.59","TCP","66","[TCP Retransmission] 51398  >  502 [PSH, ACK] Seq=1243 Ack=698 Win=130048 Len=12"
"421","632.010892620","192.168.20.59","192.168.20.54","Modbus/TCP","67","Response: Trans:    92; Unit:   1, Func:   3: Read Holding Registers"
"422","632.022695185","192.168.20.59","192.168.20.54","TCP","67","[TCP Retransmission] 502  >  51398 [PSH, ACK] Seq=698 Ack=1255 Win=92 Len=13"
"423","632.035760403","192.168.20.54","192.168.20.59","Modbus/TCP","71","   Query: Trans:    93; Unit:   1, Func:  16: Write Multiple Registers"
"424","632.046630506","192.168.20.54","192.168.20.59","TCP","71","[TCP Retransmission] 51398  >  502 [PSH, ACK] Seq=1255 Ack=711 Win=130048 Len=17"
"425","632.046858102","192.168.20.59","192.168.20.54","Modbus/TCP","66","Response: Trans:    93; Unit:   1, Func:  16: Write Multiple Registers"
"426","632.058718370","192.168.20.59","192.168.20.54","TCP","66","[TCP Retransmission] 502  >  51398 [PSH, ACK] Seq=711 Ack=1272 Win=92 Len=12"
"427","632.126435021","192.168.20.54","192.168.20.59","TCP","60","51398  >  502 [ACK] Seq=1272 Ack=723 Win=130048 Len=0"
"428","632.130633788","192.168.20.54","192.168.20.59","TCP","54","[TCP Dup ACK 427#1] 51398  >  502 [ACK] Seq=1272 Ack=723 Win=130048 Len=0"
"429","637.500871597","192.168.20.54","192.168.20.59","Modbus/TCP","66","   Query: Trans:    94; Unit:   1, Func:   3: Read Holding Registers"
"430","637.502681020","192.168.20.54","192.168.20.59","TCP","66","[TCP Retransmission] 51398  >  502 [PSH, ACK] Seq=1272 Ack=723 Win=130048 Len=12"
"431","637.502908138","192.168.20.59","192.168.20.54","Modbus/TCP","67","Response: Trans:    94; Unit:   1, Func:   3: Read Holding Registers"
"432","637.514684669","192.168.20.59","192.168.20.54","TCP","67","[TCP Retransmission] 502  >  51398 [PSH, ACK] Seq=723 Ack=1284 Win=92 Len=13"
"433","637.521941603","192.168.20.54","192.168.20.59","Modbus/TCP","66","   Query: Trans:    95; Unit:   1, Func:   3: Read Holding Registers"
"434","637.526686100","192.168.20.54","192.168.20.59","TCP","66","[TCP Retransmission] 51398  >  502 [PSH, ACK] Seq=1284 Ack=736 Win=130048 Len=12"
"435","637.526884489","192.168.20.59","192.168.20.54","Modbus/TCP","67","Response: Trans:    95; Unit:   1, Func:   3: Read Holding Registers"
"436","637.538684156","192.168.20.59","192.168.20.54","TCP","67","[TCP Retransmission] 502  >  51398 [PSH, ACK] Seq=736 Ack=1296 Win=92 Len=13"
"437","637.549154469","192.168.20.54","192.168.20.59","Modbus/TCP","71","   Query: Trans:    96; Unit:   1, Func:  16: Write Multiple Registers"
"438","637.550686782","192.168.20.54","192.168.20.59","TCP","71","[TCP Retransmission] 51398  >  502 [PSH, ACK] Seq=1296 Ack=749 Win=130048 Len=17"
"439","637.550892007","192.168.20.59","192.168.20.54","Modbus/TCP","66","Response: Trans:    96; Unit:   1, Func:  16: Write Multiple Registers"
"440","637.562682670","192.168.20.59","192.168.20.54","TCP","66","[TCP Retransmission] 502  >  51398 [PSH, ACK] Seq=749 Ack=1313 Win=92 Len=12"
"441","637.609686099","192.168.20.54","192.168.20.59","TCP","60","51398  >  502 [ACK] Seq=1313 Ack=761 Win=130048 Len=0"
"442","637.610653713","192.168.20.54","192.168.20.59","TCP","54","[TCP Dup ACK 441#1] 51398  >  502 [ACK] Seq=1313 Ack=761 Win=130048 Len=0"
"443","643.012602241","192.168.20.54","192.168.20.59","Modbus/TCP","66","   Query: Trans:    97; Unit:   1, Func:   3: Read Holding Registers"
"444","643.014658201","192.168.20.54","192.168.20.59","TCP","66","[TCP Retransmission] 51398  >  502 [PSH, ACK] Seq=1313 Ack=761 Win=130048 Len=12"
"445","643.014862777","192.168.20.59","192.168.20.54","Modbus/TCP","67","Response: Trans:    97; Unit:   1, Func:   3: Read Holding Registers"
"446","643.026687996","192.168.20.59","192.168.20.54","TCP","67","[TCP Retransmission] 502  >  51398 [PSH, ACK] Seq=761 Ack=1325 Win=92 Len=13"
"447","643.031849581","192.168.20.54","192.168.20.59","Modbus/TCP","66","   Query: Trans:    98; Unit:   1, Func:   3: Read Holding Registers"
"448","643.038684070","192.168.20.54","192.168.20.59","TCP","66","[TCP Retransmission] 51398  >  502 [PSH, ACK] Seq=1325 Ack=774 Win=130048 Len=12"
"449","643.038881433","192.168.20.59","192.168.20.54","Modbus/TCP","67","Response: Trans:    98; Unit:   1, Func:   3: Read Holding Registers"
"450","643.050684810","192.168.20.59","192.168.20.54","TCP","67","[TCP Retransmission] 502  >  51398 [PSH, ACK] Seq=774 Ack=1337 Win=92 Len=13"
"451","643.058604664","192.168.20.54","192.168.20.59","Modbus/TCP","71","   Query: Trans:    99; Unit:   1, Func:  16: Write Multiple Registers"
"452","643.062686340","192.168.20.54","192.168.20.59","TCP","71","[TCP Retransmission] 51398  >  502 [PSH, ACK] Seq=1337 Ack=787 Win=130048 Len=17"
"453","643.062884622","192.168.20.59","192.168.20.54","Modbus/TCP","66","Response: Trans:    99; Unit:   1, Func:  16: Write Multiple Registers"
"454","643.074695158","192.168.20.59","192.168.20.54","TCP","66","[TCP Retransmission] 502  >  51398 [PSH, ACK] Seq=787 Ack=1354 Win=92 Len=12"
"455","643.132304841","192.168.20.54","192.168.20.59","TCP","60","51398  >  502 [ACK] Seq=1354 Ack=799 Win=130048 Len=0"
"456","643.134663705","192.168.20.54","192.168.20.59","TCP","54","[TCP Dup ACK 455#1] 51398  >  502 [ACK] Seq=1354 Ack=799 Win=130048 Len=0"
"457","648.497073859","192.168.20.54","192.168.20.59","Modbus/TCP","66","   Query: Trans:   100; Unit:   1, Func:   3: Read Holding Registers"
"458","648.506674192","192.168.20.54","192.168.20.59","TCP","66","[TCP Retransmission] 51398  >  502 [PSH, ACK] Seq=1354 Ack=799 Win=130048 Len=12"
"459","648.506902638","192.168.20.59","192.168.20.54","Modbus/TCP","67","Response: Trans:   100; Unit:   1, Func:   3: Read Holding Registers"
"460","648.518694418","192.168.20.59","192.168.20.54","TCP","67","[TCP Retransmission] 502  >  51398 [PSH, ACK] Seq=799 Ack=1366 Win=92 Len=13"
"461","648.528904119","192.168.20.54","192.168.20.59","Modbus/TCP","66","   Query: Trans:   101; Unit:   1, Func:   3: Read Holding Registers"
"462","648.530719418","192.168.20.54","192.168.20.59","TCP","66","[TCP Retransmission] 51398  >  502 [PSH, ACK] Seq=1366 Ack=812 Win=130048 Len=12"
"463","648.530916770","192.168.20.59","192.168.20.54","Modbus/TCP","67","Response: Trans:   101; Unit:   1, Func:   3: Read Holding Registers"
"464","648.542692840","192.168.20.59","192.168.20.54","TCP","67","[TCP Retransmission] 502  >  51398 [PSH, ACK] Seq=812 Ack=1378 Win=92 Len=13"
"465","648.563260630","192.168.20.54","192.168.20.59","Modbus/TCP","71","   Query: Trans:   102; Unit:   1, Func:  16: Write Multiple Registers"
"466","648.566634325","192.168.20.54","192.168.20.59","TCP","71","[TCP Retransmission] 51398  >  502 [PSH, ACK] Seq=1378 Ack=825 Win=130048 Len=17"
"467","648.566861954","192.168.20.59","192.168.20.54","Modbus/TCP","66","Response: Trans:   102; Unit:   1, Func:  16: Write Multiple Registers"
"468","648.578717254","192.168.20.59","192.168.20.54","TCP","66","[TCP Retransmission] 502  >  51398 [PSH, ACK] Seq=825 Ack=1395 Win=92 Len=12"
"469","648.655865435","192.168.20.54","192.168.20.59","TCP","60","51398  >  502 [ACK] Seq=1395 Ack=837 Win=130048 Len=0"
"470","648.662628690","192.168.20.54","192.168.20.59","TCP","54","[TCP Dup ACK 469#1] 51398  >  502 [ACK] Seq=1395 Ack=837 Win=130048 Len=0"
"471","654.027587700","192.168.20.54","192.168.20.59","Modbus/TCP","66","   Query: Trans:   103; Unit:   1, Func:   3: Read Holding Registers"
"472","654.030660145","192.168.20.54","192.168.20.59","TCP","66","[TCP Retransmission] 51398  >  502 [PSH, ACK] Seq=1395 Ack=837 Win=130048 Len=12"
"473","654.030886984","192.168.20.59","192.168.20.54","Modbus/TCP","67","Response: Trans:   103; Unit:   1, Func:   3: Read Holding Registers"
"474","654.042687357","192.168.20.59","192.168.20.54","TCP","67","[TCP Retransmission] 502  >  51398 [PSH, ACK] Seq=837 Ack=1407 Win=92 Len=13"
"475","654.061889372","192.168.20.54","192.168.20.59","Modbus/TCP","66","   Query: Trans:   104; Unit:   1, Func:   3: Read Holding Registers"
"476","654.066628489","192.168.20.54","192.168.20.59","TCP","66","[TCP Retransmission] 51398  >  502 [PSH, ACK] Seq=1407 Ack=850 Win=130048 Len=12"
"477","654.066856012","192.168.20.59","192.168.20.54","Modbus/TCP","67","Response: Trans:   104; Unit:   1, Func:   3: Read Holding Registers"
"478","654.078692337","192.168.20.59","192.168.20.54","TCP","67","[TCP Retransmission] 502  >  51398 [PSH, ACK] Seq=850 Ack=1419 Win=92 Len=13"
"479","654.089897246","192.168.20.54","192.168.20.59","Modbus/TCP","71","   Query: Trans:   105; Unit:   1, Func:  16: Write Multiple Registers"
"480","654.090688437","192.168.20.54","192.168.20.59","TCP","71","[TCP Retransmission] 51398  >  502 [PSH, ACK] Seq=1419 Ack=863 Win=130048 Len=17"
"481","654.090890596","192.168.20.59","192.168.20.54","Modbus/TCP","66","Response: Trans:   105; Unit:   1, Func:  16: Write Multiple Registers"
"482","654.102699561","192.168.20.59","192.168.20.54","TCP","66","[TCP Retransmission] 502  >  51398 [PSH, ACK] Seq=863 Ack=1436 Win=92 Len=12"
"483","654.154089098","192.168.20.54","192.168.20.59","TCP","60","51398  >  502 [ACK] Seq=1436 Ack=875 Win=130048 Len=0"
"484","654.162626256","192.168.20.54","192.168.20.59","TCP","54","[TCP Dup ACK 483#1] 51398  >  502 [ACK] Seq=1436 Ack=875 Win=130048 Len=0"
"485","659.535115531","192.168.20.54","192.168.20.59","Modbus/TCP","66","   Query: Trans:   106; Unit:   1, Func:   3: Read Holding Registers"
"486","659.538665025","192.168.20.54","192.168.20.59","TCP","66","[TCP Retransmission] 51398  >  502 [PSH, ACK] Seq=1436 Ack=875 Win=130048 Len=12"
"487","659.538892275","192.168.20.59","192.168.20.54","Modbus/TCP","67","Response: Trans:   106; Unit:   1, Func:   3: Read Holding Registers"
"488","659.550689723","192.168.20.59","192.168.20.54","TCP","67","[TCP Retransmission] 502  >  51398 [PSH, ACK] Seq=875 Ack=1448 Win=92 Len=13"
"489","659.563330434","192.168.20.54","192.168.20.59","Modbus/TCP","66","   Query: Trans:   107; Unit:   1, Func:   3: Read Holding Registers"
"490","659.574627230","192.168.20.54","192.168.20.59","TCP","66","[TCP Retransmission] 51398  >  502 [PSH, ACK] Seq=1448 Ack=888 Win=130048 Len=12"
"491","659.574855402","192.168.20.59","192.168.20.54","Modbus/TCP","67","Response: Trans:   107; Unit:   1, Func:   3: Read Holding Registers"
"492","659.586690880","192.168.20.59","192.168.20.54","TCP","67","[TCP Retransmission] 502  >  51398 [PSH, ACK] Seq=888 Ack=1460 Win=92 Len=13"
"493","659.600024564","192.168.20.54","192.168.20.59","Modbus/TCP","71","   Query: Trans:   108; Unit:   1, Func:  16: Write Multiple Registers"
"494","659.610631368","192.168.20.54","192.168.20.59","TCP","71","[TCP Retransmission] 51398  >  502 [PSH, ACK] Seq=1460 Ack=901 Win=129792 Len=17"
"495","659.610858207","192.168.20.59","192.168.20.54","Modbus/TCP","66","Response: Trans:   108; Unit:   1, Func:  16: Write Multiple Registers"
"496","659.622689665","192.168.20.59","192.168.20.54","TCP","66","[TCP Retransmission] 502  >  51398 [PSH, ACK] Seq=901 Ack=1477 Win=92 Len=12"
"497","659.676107176","192.168.20.54","192.168.20.59","TCP","60","51398  >  502 [ACK] Seq=1477 Ack=913 Win=129792 Len=0"
"498","659.682627959","192.168.20.54","192.168.20.59","TCP","54","[TCP Dup ACK 497#1] 51398  >  502 [ACK] Seq=1477 Ack=913 Win=129792 Len=0"
"499","665.055263405","192.168.20.54","192.168.20.59","Modbus/TCP","66","   Query: Trans:   109; Unit:   1, Func:   3: Read Holding Registers"
"500","665.066633414","192.168.20.54","192.168.20.59","TCP","66","[TCP Retransmission] 51398  >  502 [PSH, ACK] Seq=1477 Ack=913 Win=129792 Len=12"
"501","665.066859036","192.168.20.59","192.168.20.54","Modbus/TCP","67","Response: Trans:   109; Unit:   1, Func:   3: Read Holding Registers"
"502","665.078687450","192.168.20.59","192.168.20.54","TCP","67","[TCP Retransmission] 502  >  51398 [PSH, ACK] Seq=913 Ack=1489 Win=92 Len=13"
"503","665.085662243","192.168.20.54","192.168.20.59","Modbus/TCP","66","   Query: Trans:   110; Unit:   1, Func:   3: Read Holding Registers"
"504","665.090688505","192.168.20.54","192.168.20.59","TCP","66","[TCP Retransmission] 51398  >  502 [PSH, ACK] Seq=1489 Ack=926 Win=129792 Len=12"
"505","665.090886285","192.168.20.59","192.168.20.54","Modbus/TCP","67","Response: Trans:   110; Unit:   1, Func:   3: Read Holding Registers"
"506","665.102694488","192.168.20.59","192.168.20.54","TCP","67","[TCP Retransmission] 502  >  51398 [PSH, ACK] Seq=926 Ack=1501 Win=92 Len=13"
"507","665.123371000","192.168.20.54","192.168.20.59","Modbus/TCP","71","   Query: Trans:   111; Unit:   1, Func:  16: Write Multiple Registers"
"508","665.126633210","192.168.20.54","192.168.20.59","TCP","71","[TCP Retransmission] 51398  >  502 [PSH, ACK] Seq=1501 Ack=939 Win=129792 Len=17"
"509","665.126859581","192.168.20.59","192.168.20.54","Modbus/TCP","66","Response: Trans:   111; Unit:   1, Func:  16: Write Multiple Registers"
"510","665.138687899","192.168.20.59","192.168.20.54","TCP","66","[TCP Retransmission] 502  >  51398 [PSH, ACK] Seq=939 Ack=1518 Win=92 Len=12"
"511","665.187724418","192.168.20.54","192.168.20.59","TCP","60","51398  >  502 [ACK] Seq=1518 Ack=951 Win=129792 Len=0"
"512","665.194686163","192.168.20.54","192.168.20.59","TCP","54","[TCP Dup ACK 511#1] 51398  >  502 [ACK] Seq=1518 Ack=951 Win=129792 Len=0"
"513","670.563283065","192.168.20.54","192.168.20.59","Modbus/TCP","66","   Query: Trans:   112; Unit:   1, Func:   3: Read Holding Registers"
"514","670.566642788","192.168.20.54","192.168.20.59","TCP","66","[TCP Retransmission] 51398  >  502 [PSH, ACK] Seq=1518 Ack=951 Win=129792 Len=12"
"515","670.566866818","192.168.20.59","192.168.20.54","Modbus/TCP","67","Response: Trans:   112; Unit:   1, Func:   3: Read Holding Registers"
"516","670.578690443","192.168.20.59","192.168.20.54","TCP","67","[TCP Retransmission] 502  >  51398 [PSH, ACK] Seq=951 Ack=1530 Win=92 Len=13"
"517","670.583120226","192.168.20.54","192.168.20.59","Modbus/TCP","66","   Query: Trans:   113; Unit:   1, Func:   3: Read Holding Registers"
"518","670.590721626","192.168.20.54","192.168.20.59","TCP","66","[TCP Retransmission] 51398  >  502 [PSH, ACK] Seq=1530 Ack=964 Win=129792 Len=12"
"519","670.590906819","192.168.20.59","192.168.20.54","Modbus/TCP","67","Response: Trans:   113; Unit:   1, Func:   3: Read Holding Registers"
"520","670.602691959","192.168.20.59","192.168.20.54","TCP","67","[TCP Retransmission] 502  >  51398 [PSH, ACK] Seq=964 Ack=1542 Win=92 Len=13"
"521","670.614222798","192.168.20.54","192.168.20.59","Modbus/TCP","71","   Query: Trans:   114; Unit:   1, Func:  16: Write Multiple Registers"
"522","670.614717495","192.168.20.54","192.168.20.59","TCP","71","[TCP Retransmission] 51398  >  502 [PSH, ACK] Seq=1542 Ack=977 Win=129792 Len=17"
"523","670.614919972","192.168.20.59","192.168.20.54","Modbus/TCP","66","Response: Trans:   114; Unit:   1, Func:  16: Write Multiple Registers"
"524","670.626688953","192.168.20.59","192.168.20.54","TCP","66","[TCP Retransmission] 502  >  51398 [PSH, ACK] Seq=977 Ack=1559 Win=92 Len=12"
"525","670.675212727","192.168.20.54","192.168.20.59","TCP","60","51398  >  502 [ACK] Seq=1559 Ack=989 Win=129792 Len=0"
"526","670.686657247","192.168.20.54","192.168.20.59","TCP","54","[TCP Dup ACK 525#1] 51398  >  502 [ACK] Seq=1559 Ack=989 Win=129792 Len=0"
"527","676.063822624","192.168.20.54","192.168.20.59","Modbus/TCP","66","   Query: Trans:   115; Unit:   1, Func:   3: Read Holding Registers"
"528","676.066653030","192.168.20.54","192.168.20.59","TCP","66","[TCP Retransmission] 51398  >  502 [PSH, ACK] Seq=1559 Ack=989 Win=129792 Len=12"
"529","676.066878444","192.168.20.59","192.168.20.54","Modbus/TCP","67","Response: Trans:   115; Unit:   1, Func:   3: Read Holding Registers"
"530","676.078687518","192.168.20.59","192.168.20.54","TCP","67","[TCP Retransmission] 502  >  51398 [PSH, ACK] Seq=989 Ack=1571 Win=92 Len=13"
"531","676.085153990","192.168.20.54","192.168.20.59","Modbus/TCP","66","   Query: Trans:   116; Unit:   1, Func:   3: Read Holding Registers"
"532","676.090685045","192.168.20.54","192.168.20.59","TCP","66","[TCP Retransmission] 51398  >  502 [PSH, ACK] Seq=1571 Ack=1002 Win=129792 Len=12"
"533","676.090883192","192.168.20.59","192.168.20.54","Modbus/TCP","67","Response: Trans:   116; Unit:   1, Func:   3: Read Holding Registers"
"534","676.102683256","192.168.20.59","192.168.20.54","TCP","67","[TCP Retransmission] 502  >  51398 [PSH, ACK] Seq=1002 Ack=1583 Win=92 Len=13"
"535","676.115615378","192.168.20.54","192.168.20.59","Modbus/TCP","71","   Query: Trans:   117; Unit:   1, Func:  16: Write Multiple Registers"
"536","676.126624777","192.168.20.54","192.168.20.59","TCP","71","[TCP Retransmission] 51398  >  502 [PSH, ACK] Seq=1583 Ack=1015 Win=131328 Len=17"
"537","676.126845465","192.168.20.59","192.168.20.54","Modbus/TCP","66","Response: Trans:   117; Unit:   1, Func:  16: Write Multiple Registers"
"538","676.138690398","192.168.20.59","192.168.20.54","TCP","66","[TCP Retransmission] 502  >  51398 [PSH, ACK] Seq=1015 Ack=1600 Win=92 Len=12"
"539","676.191084316","192.168.20.54","192.168.20.59","TCP","60","51398  >  502 [ACK] Seq=1600 Ack=1027 Win=131328 Len=0"
"540","676.198647550","192.168.20.54","192.168.20.59","TCP","54","[TCP Dup ACK 539#1] 51398  >  502 [ACK] Seq=1600 Ack=1027 Win=131328 Len=0"
"541","681.596081297","192.168.20.54","192.168.20.59","Modbus/TCP","66","   Query: Trans:   118; Unit:   1, Func:   3: Read Holding Registers"
"542","681.598669524","192.168.20.54","192.168.20.59","TCP","66","[TCP Retransmission] 51398  >  502 [PSH, ACK] Seq=1600 Ack=1027 Win=131328 Len=12"
"543","681.598899300","192.168.20.59","192.168.20.54","Modbus/TCP","67","Response: Trans:   118; Unit:   1, Func:   3: Read Holding Registers"
"544","681.610692607","192.168.20.59","192.168.20.54","TCP","67","[TCP Retransmission] 502  >  51398 [PSH, ACK] Seq=1027 Ack=1612 Win=92 Len=13"
"545","681.616055797","192.168.20.54","192.168.20.59","Modbus/TCP","66","   Query: Trans:   119; Unit:   1, Func:   3: Read Holding Registers"
"546","681.622694125","192.168.20.54","192.168.20.59","TCP","66","[TCP Retransmission] 51398  >  502 [PSH, ACK] Seq=1612 Ack=1040 Win=131328 Len=12"
"547","681.622899451","192.168.20.59","192.168.20.54","Modbus/TCP","67","Response: Trans:   119; Unit:   1, Func:   3: Read Holding Registers"
"548","681.634686059","192.168.20.59","192.168.20.54","TCP","67","[TCP Retransmission] 502  >  51398 [PSH, ACK] Seq=1040 Ack=1624 Win=92 Len=13"
"549","681.639032804","192.168.20.54","192.168.20.59","Modbus/TCP","71","   Query: Trans:   120; Unit:   1, Func:  16: Write Multiple Registers"
"550","681.646688774","192.168.20.54","192.168.20.59","TCP","71","[TCP Retransmission] 51398  >  502 [PSH, ACK] Seq=1624 Ack=1053 Win=131328 Len=17"
"551","681.646890413","192.168.20.59","192.168.20.54","Modbus/TCP","66","Response: Trans:   120; Unit:   1, Func:  16: Write Multiple Registers"
"552","681.658720926","192.168.20.59","192.168.20.54","TCP","66","[TCP Retransmission] 502  >  51398 [PSH, ACK] Seq=1053 Ack=1641 Win=92 Len=12"
"553","681.710039145","192.168.20.54","192.168.20.59","TCP","60","51398  >  502 [ACK] Seq=1641 Ack=1065 Win=131328 Len=0"
"554","681.718722732","192.168.20.54","192.168.20.59","TCP","54","[TCP Dup ACK 553#1] 51398  >  502 [ACK] Seq=1641 Ack=1065 Win=131328 Len=0"
"555","687.102795545","192.168.20.54","192.168.20.59","Modbus/TCP","66","   Query: Trans:   121; Unit:   1, Func:   3: Read Holding Registers"
"556","687.118641034","192.168.20.54","192.168.20.59","TCP","66","[TCP Retransmission] 51398  >  502 [PSH, ACK] Seq=1641 Ack=1065 Win=131328 Len=12"
"557","687.118848623","192.168.20.59","192.168.20.54","Modbus/TCP","67","Response: Trans:   121; Unit:   1, Func:   3: Read Holding Registers"
"558","687.130708829","192.168.20.59","192.168.20.54","TCP","67","[TCP Retransmission] 502  >  51398 [PSH, ACK] Seq=1065 Ack=1653 Win=92 Len=13"
"559","687.147593859","192.168.20.54","192.168.20.59","Modbus/TCP","66","   Query: Trans:   122; Unit:   1, Func:   3: Read Holding Registers"
"560","687.158655352","192.168.20.54","192.168.20.59","TCP","66","[TCP Retransmission] 51398  >  502 [PSH, ACK] Seq=1653 Ack=1078 Win=131328 Len=12"
"561","687.158896863","192.168.20.59","192.168.20.54","Modbus/TCP","67","Response: Trans:   122; Unit:   1, Func:   3: Read Holding Registers"
"562","687.174715007","192.168.20.59","192.168.20.54","TCP","67","[TCP Retransmission] 502  >  51398 [PSH, ACK] Seq=1078 Ack=1665 Win=92 Len=13"
"563","687.187958033","192.168.20.54","192.168.20.59","Modbus/TCP","71","   Query: Trans:   123; Unit:   1, Func:  16: Write Multiple Registers"
"564","687.198636754","192.168.20.54","192.168.20.59","TCP","71","[TCP Retransmission] 51398  >  502 [PSH, ACK] Seq=1665 Ack=1091 Win=131072 Len=17"
"565","687.198868308","192.168.20.59","192.168.20.54","Modbus/TCP","66","Response: Trans:   123; Unit:   1, Func:  16: Write Multiple Registers"
"566","687.214623397","192.168.20.59","192.168.20.54","TCP","66","[TCP Retransmission] 502  >  51398 [PSH, ACK] Seq=1091 Ack=1682 Win=92 Len=12"
"567","687.263735496","192.168.20.54","192.168.20.59","TCP","60","51398  >  502 [ACK] Seq=1682 Ack=1103 Win=131072 Len=0"
"568","687.266621741","192.168.20.54","192.168.20.59","TCP","54","[TCP Dup ACK 567#1] 51398  >  502 [ACK] Seq=1682 Ack=1103 Win=131072 Len=0"
