frame.time_epoch,ip.src,ip.dst,tcp.srcport,tcp.dstport,frame.len,_ws.col.Protocol,_ws.col.Info,label
1716194748.5131276,192.168.20.54,192.168.20.59,49350,502,66,Modbus/TCP,"   Query: Trans:   220; Unit:   1, Func:   3: Read Holding Registers",0
1716194748.5197885,192.168.20.54,192.168.20.59,49350,502,66,TCP,"[TCP Retransmission] 49350 → 502 [PSH, ACK] Seq=1 Ack=1 Win=508 Len=12",0
1716194748.5200174,192.168.20.59,192.168.20.54,502,49350,67,Modbus/TCP,"Response: Trans:   220; Unit:   1, Func:   3: Read Holding Registers",0
1716194748.5318131,192.168.20.59,192.168.20.54,502,49350,67,TCP,"[TCP Retransmission] 502 → 49350 [PSH, ACK] Seq=1 Ack=13 Win=92 Len=13",0
1716194748.5361586,192.168.20.54,192.168.20.59,49350,502,66,Modbus/TCP,"   Query: Trans:   221; Unit:   1, Func:   3: Read Holding Registers",0
1716194748.543818,192.168.20.54,192.168.20.59,49350,502,66,TCP,"[TCP Retransmission] 49350 → 502 [PSH, ACK] Seq=13 Ack=14 Win=508 Len=12",0
1716194748.5440168,192.168.20.59,192.168.20.54,502,49350,67,Modbus/TCP,"Response: Trans:   221; Unit:   1, Func:   3: Read Holding Registers",0
1716194748.5558147,192.168.20.59,192.168.20.54,502,49350,67,TCP,"[TCP Retransmission] 502 → 49350 [PSH, ACK] Seq=14 Ack=25 Win=92 Len=13",0
1716194748.5661764,192.168.20.54,192.168.20.59,49350,502,71,Modbus/TCP,"   Query: Trans:   222; Unit:   1, Func:  16: Write Multiple Registers",1
1716194748.5678265,192.168.20.54,192.168.20.59,49350,502,71,TCP,"[TCP Retransmission] 49350 → 502 [PSH, ACK] Seq=25 Ack=27 Win=508 Len=17",0
1716194748.5680287,192.168.20.59,192.168.20.54,502,49350,66,Modbus/TCP,"Response: Trans:   222; Unit:   1, Func:  16: Write Multiple Registers",1
1716194748.5798132,192.168.20.59,192.168.20.54,502,49350,66,TCP,"[TCP Retransmission] 502 → 49350 [PSH, ACK] Seq=27 Ack=42 Win=92 Len=12",0
1716194748.6265385,192.168.20.54,192.168.20.59,49350,502,60,TCP,49350 → 502 [ACK] Seq=42 Ack=39 Win=508 Len=0,0
1716194748.6277573,192.168.20.54,192.168.20.59,49350,502,54,TCP,[TCP Dup ACK 13#1] 49350 → 502 [ACK] Seq=42 Ack=39 Win=508 Len=0,0
1716194753.940339,192.168.20.54,192.168.20.59,49350,502,66,Modbus/TCP,"   Query: Trans:   223; Unit:   1, Func:   3: Read Holding Registers",0
1716194753.9477837,192.168.20.54,192.168.20.59,49350,502,66,TCP,"[TCP Retransmission] 49350 → 502 [PSH, ACK] Seq=42 Ack=39 Win=508 Len=12",0
1716194753.9480116,192.168.20.59,192.168.20.54,502,49350,67,Modbus/TCP,"Response: Trans:   223; Unit:   1, Func:   3: Read Holding Registers",0
1716194753.9638176,192.168.20.59,192.168.20.54,502,49350,67,TCP,"[TCP Retransmission] 502 → 49350 [PSH, ACK] Seq=39 Ack=54 Win=92 Len=13",0
1716194753.9788477,192.168.20.54,192.168.20.59,49350,502,66,Modbus/TCP,"   Query: Trans:   224; Unit:   1, Func:   3: Read Holding Registers",0
1716194753.9877803,192.168.20.54,192.168.20.59,49350,502,66,TCP,"[TCP Retransmission] 49350 → 502 [PSH, ACK] Seq=54 Ack=52 Win=507 Len=12",0
1716194753.9880033,192.168.20.59,192.168.20.54,502,49350,67,Modbus/TCP,"Response: Trans:   224; Unit:   1, Func:   3: Read Holding Registers",0
1716194754.0038323,192.168.20.59,192.168.20.54,502,49350,67,TCP,"[TCP Retransmission] 502 → 49350 [PSH, ACK] Seq=52 Ack=66 Win=92 Len=13",0
1716194754.0096784,192.168.20.54,192.168.20.59,49350,502,71,Modbus/TCP,"   Query: Trans:   225; Unit:   1, Func:  16: Write Multiple Registers",1
1716194754.015831,192.168.20.54,192.168.20.59,49350,502,71,TCP,"[TCP Retransmission] 49350 → 502 [PSH, ACK] Seq=66 Ack=65 Win=507 Len=17",0
1716194754.0160396,192.168.20.59,192.168.20.54,502,49350,66,Modbus/TCP,"Response: Trans:   225; Unit:   1, Func:  16: Write Multiple Registers",1
1716194754.0278063,192.168.20.59,192.168.20.54,502,49350,66,TCP,"[TCP Retransmission] 502 → 49350 [PSH, ACK] Seq=65 Ack=83 Win=92 Len=12",0
1716194754.084322,192.168.20.54,192.168.20.59,49350,502,60,TCP,49350 → 502 [ACK] Seq=83 Ack=77 Win=507 Len=0,0
1716194754.0917776,192.168.20.54,192.168.20.59,49350,502,54,TCP,[TCP Dup ACK 27#1] 49350 → 502 [ACK] Seq=83 Ack=77 Win=507 Len=0,0
1716194759.387256,192.168.20.54,192.168.20.59,49350,502,66,Modbus/TCP,"   Query: Trans:   226; Unit:   1, Func:   3: Read Holding Registers",0
1716194759.387791,192.168.20.54,192.168.20.59,49350,502,66,TCP,"[TCP Retransmission] 49350 → 502 [PSH, ACK] Seq=83 Ack=77 Win=507 Len=12",0
1716194759.3880203,192.168.20.59,192.168.20.54,502,49350,67,Modbus/TCP,"Response: Trans:   226; Unit:   1, Func:   3: Read Holding Registers",0
1716194759.3998148,192.168.20.59,192.168.20.54,502,49350,67,TCP,"[TCP Retransmission] 502 → 49350 [PSH, ACK] Seq=77 Ack=95 Win=92 Len=13",0
1716194759.409868,192.168.20.54,192.168.20.59,49350,502,66,Modbus/TCP,"   Query: Trans:   227; Unit:   1, Func:   3: Read Holding Registers",0
1716194759.4118176,192.168.20.54,192.168.20.59,49350,502,66,TCP,"[TCP Retransmission] 49350 → 502 [PSH, ACK] Seq=95 Ack=90 Win=507 Len=12",0
1716194759.412017,192.168.20.59,192.168.20.54,502,49350,67,Modbus/TCP,"Response: Trans:   227; Unit:   1, Func:   3: Read Holding Registers",0
1716194759.423814,192.168.20.59,192.168.20.54,502,49350,67,TCP,"[TCP Retransmission] 502 → 49350 [PSH, ACK] Seq=90 Ack=107 Win=92 Len=13",0
1716194759.4283316,192.168.20.54,192.168.20.59,49350,502,71,Modbus/TCP,"   Query: Trans:   228; Unit:   1, Func:  16: Write Multiple Registers",1
1716194759.435825,192.168.20.54,192.168.20.59,49350,502,71,TCP,"[TCP Retransmission] 49350 → 502 [PSH, ACK] Seq=107 Ack=103 Win=507 Len=17",0
1716194759.436044,192.168.20.59,192.168.20.54,502,49350,66,Modbus/TCP,"Response: Trans:   228; Unit:   1, Func:  16: Write Multiple Registers",1
1716194759.4479327,192.168.20.59,192.168.20.54,502,49350,66,TCP,"[TCP Retransmission] 502 → 49350 [PSH, ACK] Seq=103 Ack=124 Win=92 Len=12",0
1716194759.5006967,192.168.20.54,192.168.20.59,49350,502,60,TCP,49350 → 502 [ACK] Seq=124 Ack=115 Win=507 Len=0,0
1716194759.5077612,192.168.20.54,192.168.20.59,49350,502,54,TCP,[TCP Dup ACK 41#1] 49350 → 502 [ACK] Seq=124 Ack=115 Win=507 Len=0,0
1716194764.8204477,192.168.20.54,192.168.20.59,49350,502,66,Modbus/TCP,"   Query: Trans:   229; Unit:   1, Func:   3: Read Holding Registers",0
1716194764.831787,192.168.20.54,192.168.20.59,49350,502,66,TCP,"[TCP Retransmission] 49350 → 502 [PSH, ACK] Seq=124 Ack=115 Win=507 Len=12",0
1716194764.832042,192.168.20.59,192.168.20.54,502,49350,67,Modbus/TCP,"Response: Trans:   229; Unit:   1, Func:   3: Read Holding Registers",0
1716194764.8438177,192.168.20.59,192.168.20.54,502,49350,67,TCP,"[TCP Retransmission] 502 → 49350 [PSH, ACK] Seq=115 Ack=136 Win=92 Len=13",0
1716194764.8862128,192.168.20.54,192.168.20.59,49350,502,66,Modbus/TCP,"   Query: Trans:   230; Unit:   1, Func:   3: Read Holding Registers",0
1716194764.8917618,192.168.20.54,192.168.20.59,49350,502,66,TCP,"[TCP Retransmission] 49350 → 502 [PSH, ACK] Seq=136 Ack=128 Win=507 Len=12",0
1716194764.8919823,192.168.20.59,192.168.20.54,502,49350,67,Modbus/TCP,"Response: Trans:   230; Unit:   1, Func:   3: Read Holding Registers",0
1716194764.9078202,192.168.20.59,192.168.20.54,502,49350,67,TCP,"[TCP Retransmission] 502 → 49350 [PSH, ACK] Seq=128 Ack=148 Win=92 Len=13",0
1716194764.917307,192.168.20.54,192.168.20.59,49350,502,71,Modbus/TCP,"   Query: Trans:   231; Unit:   1, Func:  16: Write Multiple Registers",1
1716194764.9198172,192.168.20.54,192.168.20.59,49350,502,71,TCP,"[TCP Retransmission] 49350 → 502 [PSH, ACK] Seq=148 Ack=141 Win=507 Len=17",0
1716194764.92002,192.168.20.59,192.168.20.54,502,49350,66,Modbus/TCP,"Response: Trans:   231; Unit:   1, Func:  16: Write Multiple Registers",1
1716194764.9318247,192.168.20.59,192.168.20.54,502,49350,66,TCP,"[TCP Retransmission] 502 → 49350 [PSH, ACK] Seq=141 Ack=165 Win=92 Len=12",0
1716194765.0246603,192.168.20.54,192.168.20.59,49350,502,60,TCP,49350 → 502 [ACK] Seq=165 Ack=153 Win=507 Len=0,0
1716194765.027745,192.168.20.54,192.168.20.59,49350,502,54,TCP,[TCP Dup ACK 55#1] 49350 → 502 [ACK] Seq=165 Ack=153 Win=507 Len=0,0
1716194770.3342965,192.168.20.54,192.168.20.59,49350,502,66,Modbus/TCP,"   Query: Trans:   232; Unit:   1, Func:   3: Read Holding Registers",0
1716194770.335756,192.168.20.54,192.168.20.59,49350,502,66,TCP,"[TCP Retransmission] 49350 → 502 [PSH, ACK] Seq=165 Ack=153 Win=507 Len=12",0
1716194770.3359823,192.168.20.59,192.168.20.54,502,49350,67,Modbus/TCP,"Response: Trans:   232; Unit:   1, Func:   3: Read Holding Registers",0
1716194770.3478,192.168.20.59,192.168.20.54,502,49350,67,TCP,"[TCP Retransmission] 502 → 49350 [PSH, ACK] Seq=153 Ack=177 Win=92 Len=13",0
1716194770.3656008,192.168.20.54,192.168.20.59,49350,502,66,Modbus/TCP,"   Query: Trans:   233; Unit:   1, Func:   3: Read Holding Registers",0
1716194770.3718739,192.168.20.54,192.168.20.59,49350,502,66,TCP,"[TCP Retransmission] 49350 → 502 [PSH, ACK] Seq=177 Ack=166 Win=513 Len=12",0
1716194770.3720465,192.168.20.59,192.168.20.54,502,49350,67,Modbus/TCP,"Response: Trans:   233; Unit:   1, Func:   3: Read Holding Registers",0
1716194770.3837872,192.168.20.59,192.168.20.54,502,49350,67,TCP,"[TCP Retransmission] 502 → 49350 [PSH, ACK] Seq=166 Ack=189 Win=92 Len=13",0
1716194770.388898,192.168.20.54,192.168.20.59,49350,502,71,Modbus/TCP,"   Query: Trans:   234; Unit:   1, Func:  16: Write Multiple Registers",1
1716194770.3957894,192.168.20.54,192.168.20.59,49350,502,71,TCP,"[TCP Retransmission] 49350 → 502 [PSH, ACK] Seq=189 Ack=179 Win=513 Len=17",0
1716194770.3959744,192.168.20.59,192.168.20.54,502,49350,66,Modbus/TCP,"Response: Trans:   234; Unit:   1, Func:  16: Write Multiple Registers",1
1716194770.4077885,192.168.20.59,192.168.20.54,502,49350,66,TCP,"[TCP Retransmission] 502 → 49350 [PSH, ACK] Seq=179 Ack=206 Win=92 Len=12",0
1716194770.4551957,192.168.20.54,192.168.20.59,49350,502,60,TCP,49350 → 502 [ACK] Seq=206 Ack=191 Win=513 Len=0,0
1716194770.459778,192.168.20.54,192.168.20.59,49350,502,54,TCP,[TCP Dup ACK 69#1] 49350 → 502 [ACK] Seq=206 Ack=191 Win=513 Len=0,0
1716194775.7826273,192.168.20.54,192.168.20.59,49350,502,66,Modbus/TCP,"   Query: Trans:   235; Unit:   1, Func:   3: Read Holding Registers",0
1716194776.0365546,192.168.20.54,192.168.20.59,49350,502,66,TCP,"[TCP Retransmission] 49350 → 502 [PSH, ACK] Seq=206 Ack=191 Win=513 Len=12",0
1716194776.3502047,192.168.20.54,192.168.20.59,49350,502,66,TCP,"[TCP Retransmission] 49350 → 502 [PSH, ACK] Seq=206 Ack=191 Win=513 Len=12",0
1716194776.94727,192.168.20.54,192.168.20.59,49350,502,66,TCP,"[TCP Retransmission] 49350 → 502 [PSH, ACK] Seq=206 Ack=191 Win=513 Len=12",0
1716194778.151831,192.168.20.54,192.168.20.59,49350,502,66,TCP,"[TCP Retransmission] 49350 → 502 [PSH, ACK] Seq=206 Ack=191 Win=513 Len=12",0
1716194780.558875,192.168.20.54,192.168.20.59,49350,502,66,TCP,"[TCP Retransmission] 49350 → 502 [PSH, ACK] Seq=206 Ack=191 Win=513 Len=12",0
1716194785.3705273,192.168.20.54,192.168.20.59,49350,502,66,TCP,"[TCP Retransmission] 49350 → 502 [PSH, ACK] Seq=206 Ack=191 Win=513 Len=12",0
1716194785.7973,192.168.20.54,192.168.20.59,49350,502,60,TCP,"49350 → 502 [FIN, ACK] Seq=218 Ack=191 Win=513 Len=0",0
1716194785.8175423,192.168.20.54,192.168.20.59,50473,502,66,TCP,50473 → 502 [SYN] Seq=0 Win=64240 Len=0 MSS=1460 WS=256 SACK_PERM=1,0
1716194786.8258638,192.168.20.54,192.168.20.59,50473,502,66,TCP,[TCP Retransmission] [TCP Port numbers reused] 50473 → 502 [SYN] Seq=0 Win=64240 Len=0 MSS=1460 WS=256 SACK_PERM=1,0
1716194788.8290331,192.168.20.54,192.168.20.59,50473,502,66,TCP,[TCP Retransmission] [TCP Port numbers reused] 50473 → 502 [SYN] Seq=0 Win=64240 Len=0 MSS=1460 WS=256 SACK_PERM=1,0
1716194792.8450253,192.168.20.54,192.168.20.59,50473,502,66,TCP,[TCP Retransmission] [TCP Port numbers reused] 50473 → 502 [SYN] Seq=0 Win=64240 Len=0 MSS=1460 WS=256 SACK_PERM=1,0
1716194794.974052,192.168.20.54,192.168.20.59,49350,502,60,TCP,"49350 → 502 [RST, ACK] Seq=219 Ack=191 Win=0 Len=0",0
1716194800.853612,192.168.20.54,192.168.20.59,50473,502,66,TCP,[TCP Retransmission] [TCP Port numbers reused] 50473 → 502 [SYN] Seq=0 Win=64240 Len=0 MSS=1460 WS=256 SACK_PERM=1,0
1716194806.8902383,192.168.20.54,192.168.20.59,50523,502,66,TCP,50523 → 502 [SYN] Seq=0 Win=64240 Len=0 MSS=1460 WS=256 SACK_PERM=1,0
1716194807.8896556,192.168.20.54,192.168.20.59,50523,502,66,TCP,[TCP Retransmission] [TCP Port numbers reused] 50523 → 502 [SYN] Seq=0 Win=64240 Len=0 MSS=1460 WS=256 SACK_PERM=1,0
1716194809.9013247,192.168.20.54,192.168.20.59,50523,502,66,TCP,[TCP Retransmission] [TCP Port numbers reused] 50523 → 502 [SYN] Seq=0 Win=64240 Len=0 MSS=1460 WS=256 SACK_PERM=1,0
1716194813.9031177,192.168.20.54,192.168.20.59,50523,502,66,TCP,[TCP Retransmission] [TCP Port numbers reused] 50523 → 502 [SYN] Seq=0 Win=64240 Len=0 MSS=1460 WS=256 SACK_PERM=1,0
1716194821.9038084,192.168.20.54,192.168.20.59,50523,502,66,TCP,[TCP Retransmission] [TCP Port numbers reused] 50523 → 502 [SYN] Seq=0 Win=64240 Len=0 MSS=1460 WS=256 SACK_PERM=1,0
1716194833.2923946,192.168.20.54,192.168.20.59,50586,502,66,TCP,50586 → 502 [SYN] Seq=0 Win=64240 Len=0 MSS=1460 WS=256 SACK_PERM=1,0
1716194834.3003924,192.168.20.54,192.168.20.59,50586,502,66,TCP,[TCP Retransmission] [TCP Port numbers reused] 50586 → 502 [SYN] Seq=0 Win=64240 Len=0 MSS=1460 WS=256 SACK_PERM=1,0
1716194836.3083036,192.168.20.54,192.168.20.59,50586,502,66,TCP,[TCP Retransmission] [TCP Port numbers reused] 50586 → 502 [SYN] Seq=0 Win=64240 Len=0 MSS=1460 WS=256 SACK_PERM=1,0
1716194840.3169403,192.168.20.54,192.168.20.59,50586,502,66,TCP,[TCP Retransmission] [TCP Port numbers reused] 50586 → 502 [SYN] Seq=0 Win=64240 Len=0 MSS=1460 WS=256 SACK_PERM=1,0
1716194848.3174007,192.168.20.54,192.168.20.59,50586,502,66,TCP,[TCP Retransmission] [TCP Port numbers reused] 50586 → 502 [SYN] Seq=0 Win=64240 Len=0 MSS=1460 WS=256 SACK_PERM=1,0
1716194859.728888,192.168.20.54,192.168.20.59,50641,502,66,TCP,50641 → 502 [SYN] Seq=0 Win=64240 Len=0 MSS=1460 WS=256 SACK_PERM=1,0
1716194860.7350304,192.168.20.54,192.168.20.59,50641,502,66,TCP,[TCP Retransmission] [TCP Port numbers reused] 50641 → 502 [SYN] Seq=0 Win=64240 Len=0 MSS=1460 WS=256 SACK_PERM=1,0
1716194862.737824,192.168.20.54,192.168.20.59,50641,502,66,TCP,[TCP Retransmission] [TCP Port numbers reused] 50641 → 502 [SYN] Seq=0 Win=64240 Len=0 MSS=1460 WS=256 SACK_PERM=1,0
1716194866.7500691,192.168.20.54,192.168.20.59,50641,502,66,TCP,[TCP Retransmission] [TCP Port numbers reused] 50641 → 502 [SYN] Seq=0 Win=64240 Len=0 MSS=1460 WS=256 SACK_PERM=1,0
1716194874.7543898,192.168.20.54,192.168.20.59,50641,502,66,TCP,[TCP Retransmission] [TCP Port numbers reused] 50641 → 502 [SYN] Seq=0 Win=64240 Len=0 MSS=1460 WS=256 SACK_PERM=1,0
1716194886.1592293,192.168.20.54,192.168.20.59,50692,502,66,TCP,50692 → 502 [SYN] Seq=0 Win=64240 Len=0 MSS=1460 WS=256 SACK_PERM=1,0
1716194887.1623137,192.168.20.54,192.168.20.59,50692,502,66,TCP,[TCP Retransmission] [TCP Port numbers reused] 50692 → 502 [SYN] Seq=0 Win=64240 Len=0 MSS=1460 WS=256 SACK_PERM=1,0
1716194889.1697044,192.168.20.54,192.168.20.59,50692,502,66,TCP,[TCP Retransmission] [TCP Port numbers reused] 50692 → 502 [SYN] Seq=0 Win=64240 Len=0 MSS=1460 WS=256 SACK_PERM=1,0
1716194893.1756892,192.168.20.54,192.168.20.59,50692,502,66,TCP,[TCP Retransmission] [TCP Port numbers reused] 50692 → 502 [SYN] Seq=0 Win=64240 Len=0 MSS=1460 WS=256 SACK_PERM=1,0
1716194901.18563,192.168.20.54,192.168.20.59,50692,502,66,TCP,[TCP Retransmission] [TCP Port numbers reused] 50692 → 502 [SYN] Seq=0 Win=64240 Len=0 MSS=1460 WS=256 SACK_PERM=1,0
1716194912.5887647,192.168.20.54,192.168.20.59,50749,502,66,TCP,50749 → 502 [SYN] Seq=0 Win=64240 Len=0 MSS=1460 WS=256 SACK_PERM=1,0
1716194913.601182,192.168.20.54,192.168.20.59,50749,502,66,TCP,[TCP Retransmission] [TCP Port numbers reused] 50749 → 502 [SYN] Seq=0 Win=64240 Len=0 MSS=1460 WS=256 SACK_PERM=1,0
1716194915.6098144,192.168.20.54,192.168.20.59,50749,502,66,TCP,[TCP Retransmission] [TCP Port numbers reused] 50749 → 502 [SYN] Seq=0 Win=64240 Len=0 MSS=1460 WS=256 SACK_PERM=1,0
1716194919.6118028,192.168.20.54,192.168.20.59,50749,502,66,TCP,[TCP Retransmission] [TCP Port numbers reused] 50749 → 502 [SYN] Seq=0 Win=64240 Len=0 MSS=1460 WS=256 SACK_PERM=1,0
1716194927.625187,192.168.20.54,192.168.20.59,50749,502,66,TCP,[TCP Retransmission] [TCP Port numbers reused] 50749 → 502 [SYN] Seq=0 Win=64240 Len=0 MSS=1460 WS=256 SACK_PERM=1,0
1716194939.0036376,192.168.20.54,192.168.20.59,50806,502,66,TCP,50806 → 502 [SYN] Seq=0 Win=64240 Len=0 MSS=1460 WS=256 SACK_PERM=1,0
1716194940.0178044,192.168.20.54,192.168.20.59,50806,502,66,TCP,[TCP Retransmission] [TCP Port numbers reused] 50806 → 502 [SYN] Seq=0 Win=64240 Len=0 MSS=1460 WS=256 SACK_PERM=1,0
1716194942.0233605,192.168.20.54,192.168.20.59,50806,502,66,TCP,[TCP Retransmission] [TCP Port numbers reused] 50806 → 502 [SYN] Seq=0 Win=64240 Len=0 MSS=1460 WS=256 SACK_PERM=1,0
1716194946.0332603,192.168.20.54,192.168.20.59,50806,502,66,TCP,[TCP Retransmission] [TCP Port numbers reused] 50806 → 502 [SYN] Seq=0 Win=64240 Len=0 MSS=1460 WS=256 SACK_PERM=1,0
1716194954.033574,192.168.20.54,192.168.20.59,50806,502,66,TCP,[TCP Retransmission] [TCP Port numbers reused] 50806 → 502 [SYN] Seq=0 Win=64240 Len=0 MSS=1460 WS=256 SACK_PERM=1,0
1716194965.4204059,192.168.20.54,192.168.20.59,50867,502,66,TCP,50867 → 502 [SYN] Seq=0 Win=64240 Len=0 MSS=1460 WS=256 SACK_PERM=1,0
1716194966.468593,192.168.20.54,192.168.20.59,50867,502,66,TCP,[TCP Retransmission] [TCP Port numbers reused] 50867 → 502 [SYN] Seq=0 Win=64240 Len=0 MSS=1460 WS=256 SACK_PERM=1,0
1716194968.4308045,192.168.20.54,192.168.20.59,50867,502,66,TCP,[TCP Retransmission] [TCP Port numbers reused] 50867 → 502 [SYN] Seq=0 Win=64240 Len=0 MSS=1460 WS=256 SACK_PERM=1,0
1716194972.4503295,192.168.20.54,192.168.20.59,50867,502,66,TCP,[TCP Retransmission] [TCP Port numbers reused] 50867 → 502 [SYN] Seq=0 Win=64240 Len=0 MSS=1460 WS=256 SACK_PERM=1,0
1716194980.4591663,192.168.20.54,192.168.20.59,50867,502,66,TCP,[TCP Retransmission] [TCP Port numbers reused] 50867 → 502 [SYN] Seq=0 Win=64240 Len=0 MSS=1460 WS=256 SACK_PERM=1,0
1716194991.8592043,192.168.20.54,192.168.20.59,50927,502,66,TCP,50927 → 502 [SYN] Seq=0 Win=64240 Len=0 MSS=1460 WS=256 SACK_PERM=1,0
1716194992.862024,192.168.20.54,192.168.20.59,50927,502,66,TCP,[TCP Retransmission] [TCP Port numbers reused] 50927 → 502 [SYN] Seq=0 Win=64240 Len=0 MSS=1460 WS=256 SACK_PERM=1,0
1716194994.871204,192.168.20.54,192.168.20.59,50927,502,66,TCP,[TCP Retransmission] [TCP Port numbers reused] 50927 → 502 [SYN] Seq=0 Win=64240 Len=0 MSS=1460 WS=256 SACK_PERM=1,0
1716194998.877211,192.168.20.54,192.168.20.59,50927,502,66,TCP,[TCP Retransmission] [TCP Port numbers reused] 50927 → 502 [SYN] Seq=0 Win=64240 Len=0 MSS=1460 WS=256 SACK_PERM=1,0
1716195006.8869622,192.168.20.54,192.168.20.59,50927,502,66,TCP,[TCP Retransmission] [TCP Port numbers reused] 50927 → 502 [SYN] Seq=0 Win=64240 Len=0 MSS=1460 WS=256 SACK_PERM=1,0
1716195018.2878783,192.168.20.54,192.168.20.59,50991,502,66,TCP,50991 → 502 [SYN] Seq=0 Win=64240 Len=0 MSS=1460 WS=256 SACK_PERM=1,0
1716195019.2940583,192.168.20.54,192.168.20.59,50991,502,66,TCP,[TCP Retransmission] [TCP Port numbers reused] 50991 → 502 [SYN] Seq=0 Win=64240 Len=0 MSS=1460 WS=256 SACK_PERM=1,0
1716195021.3081508,192.168.20.54,192.168.20.59,50991,502,66,TCP,[TCP Retransmission] [TCP Port numbers reused] 50991 → 502 [SYN] Seq=0 Win=64240 Len=0 MSS=1460 WS=256 SACK_PERM=1,0
1716195025.3151884,192.168.20.54,192.168.20.59,50991,502,66,TCP,[TCP Retransmission] [TCP Port numbers reused] 50991 → 502 [SYN] Seq=0 Win=64240 Len=0 MSS=1460 WS=256 SACK_PERM=1,0
1716195033.32908,192.168.20.54,192.168.20.59,50991,502,66,TCP,[TCP Retransmission] [TCP Port numbers reused] 50991 → 502 [SYN] Seq=0 Win=64240 Len=0 MSS=1460 WS=256 SACK_PERM=1,0
1716195044.710935,192.168.20.54,192.168.20.59,51053,502,66,TCP,51053 → 502 [SYN] Seq=0 Win=64240 Len=0 MSS=1460 WS=256 SACK_PERM=1,0
1716195045.712731,192.168.20.54,192.168.20.59,51053,502,66,TCP,[TCP Retransmission] [TCP Port numbers reused] 51053 → 502 [SYN] Seq=0 Win=64240 Len=0 MSS=1460 WS=256 SACK_PERM=1,0
1716195047.725309,192.168.20.54,192.168.20.59,51053,502,66,TCP,[TCP Retransmission] [TCP Port numbers reused] 51053 → 502 [SYN] Seq=0 Win=64240 Len=0 MSS=1460 WS=256 SACK_PERM=1,0
1716195051.729427,192.168.20.54,192.168.20.59,51053,502,66,TCP,[TCP Retransmission] [TCP Port numbers reused] 51053 → 502 [SYN] Seq=0 Win=64240 Len=0 MSS=1460 WS=256 SACK_PERM=1,0
1716195059.73108,192.168.20.54,192.168.20.59,51053,502,66,TCP,[TCP Retransmission] [TCP Port numbers reused] 51053 → 502 [SYN] Seq=0 Win=64240 Len=0 MSS=1460 WS=256 SACK_PERM=1,0
1716195071.124361,192.168.20.54,192.168.20.59,51109,502,66,TCP,51109 → 502 [SYN] Seq=0 Win=64240 Len=0 MSS=1460 WS=256 SACK_PERM=1,0
1716195072.1684444,192.168.20.54,192.168.20.59,51109,502,66,TCP,[TCP Retransmission] [TCP Port numbers reused] 51109 → 502 [SYN] Seq=0 Win=64240 Len=0 MSS=1460 WS=256 SACK_PERM=1,0
1716195074.1317353,192.168.20.54,192.168.20.59,51109,502,66,TCP,[TCP Retransmission] [TCP Port numbers reused] 51109 → 502 [SYN] Seq=0 Win=64240 Len=0 MSS=1460 WS=256 SACK_PERM=1,0
1716195078.143522,192.168.20.54,192.168.20.59,51109,502,66,TCP,[TCP Retransmission] [TCP Port numbers reused] 51109 → 502 [SYN] Seq=0 Win=64240 Len=0 MSS=1460 WS=256 SACK_PERM=1,0
1716195086.145105,192.168.20.54,192.168.20.59,51109,502,66,TCP,[TCP Retransmission] [TCP Port numbers reused] 51109 → 502 [SYN] Seq=0 Win=64240 Len=0 MSS=1460 WS=256 SACK_PERM=1,0
1716195097.5328767,192.168.20.54,192.168.20.59,51175,502,66,TCP,51175 → 502 [SYN] Seq=0 Win=64240 Len=0 MSS=1460 WS=256 SACK_PERM=1,0
1716195098.5393121,192.168.20.54,192.168.20.59,51175,502,66,TCP,[TCP Retransmission] [TCP Port numbers reused] 51175 → 502 [SYN] Seq=0 Win=64240 Len=0 MSS=1460 WS=256 SACK_PERM=1,0
1716195100.5494628,192.168.20.54,192.168.20.59,51175,502,66,TCP,[TCP Retransmission] [TCP Port numbers reused] 51175 → 502 [SYN] Seq=0 Win=64240 Len=0 MSS=1460 WS=256 SACK_PERM=1,0
1716195104.5538547,192.168.20.54,192.168.20.59,51175,502,66,TCP,[TCP Retransmission] [TCP Port numbers reused] 51175 → 502 [SYN] Seq=0 Win=64240 Len=0 MSS=1460 WS=256 SACK_PERM=1,0
1716195112.5650911,192.168.20.54,192.168.20.59,51175,502,66,TCP,[TCP Retransmission] [TCP Port numbers reused] 51175 → 502 [SYN] Seq=0 Win=64240 Len=0 MSS=1460 WS=256 SACK_PERM=1,0
1716195123.9807968,192.168.20.54,192.168.20.59,51234,502,66,TCP,51234 → 502 [SYN] Seq=0 Win=64240 Len=0 MSS=1460 WS=256 SACK_PERM=1,0
1716195124.964444,192.168.20.54,192.168.20.59,51234,502,66,TCP,[TCP Retransmission] [TCP Port numbers reused] 51234 → 502 [SYN] Seq=0 Win=64240 Len=0 MSS=1460 WS=256 SACK_PERM=1,0
1716195126.975864,192.168.20.54,192.168.20.59,51234,502,66,TCP,[TCP Retransmission] [TCP Port numbers reused] 51234 → 502 [SYN] Seq=0 Win=64240 Len=0 MSS=1460 WS=256 SACK_PERM=1,0
1716195130.9803224,192.168.20.54,192.168.20.59,51234,502,66,TCP,[TCP Retransmission] [TCP Port numbers reused] 51234 → 502 [SYN] Seq=0 Win=64240 Len=0 MSS=1460 WS=256 SACK_PERM=1,0
1716195138.9900477,192.168.20.54,192.168.20.59,51234,502,66,TCP,[TCP Retransmission] [TCP Port numbers reused] 51234 → 502 [SYN] Seq=0 Win=64240 Len=0 MSS=1460 WS=256 SACK_PERM=1,0
1716195150.3810613,192.168.20.54,192.168.20.59,51287,502,66,TCP,51287 → 502 [SYN] Seq=0 Win=64240 Len=0 MSS=1460 WS=256 SACK_PERM=1,0
1716195151.383161,192.168.20.54,192.168.20.59,51287,502,66,TCP,[TCP Retransmission] [TCP Port numbers reused] 51287 → 502 [SYN] Seq=0 Win=64240 Len=0 MSS=1460 WS=256 SACK_PERM=1,0
1716195153.388377,192.168.20.54,192.168.20.59,51287,502,66,TCP,[TCP Retransmission] [TCP Port numbers reused] 51287 → 502 [SYN] Seq=0 Win=64240 Len=0 MSS=1460 WS=256 SACK_PERM=1,0
1716195157.3963208,192.168.20.54,192.168.20.59,51287,502,66,TCP,[TCP Retransmission] [TCP Port numbers reused] 51287 → 502 [SYN] Seq=0 Win=64240 Len=0 MSS=1460 WS=256 SACK_PERM=1,0
1716195165.3990412,192.168.20.54,192.168.20.59,51287,502,66,TCP,[TCP Retransmission] [TCP Port numbers reused] 51287 → 502 [SYN] Seq=0 Win=64240 Len=0 MSS=1460 WS=256 SACK_PERM=1,0
1716195176.7812223,192.168.20.54,192.168.20.59,51342,502,66,TCP,51342 → 502 [SYN] Seq=0 Win=64240 Len=0 MSS=1460 WS=256 SACK_PERM=1,0
1716195177.794542,192.168.20.54,192.168.20.59,51342,502,66,TCP,[TCP Retransmission] [TCP Port numbers reused] 51342 → 502 [SYN] Seq=0 Win=64240 Len=0 MSS=1460 WS=256 SACK_PERM=1,0
1716195179.801103,192.168.20.54,192.168.20.59,51342,502,66,TCP,[TCP Retransmission] [TCP Port numbers reused] 51342 → 502 [SYN] Seq=0 Win=64240 Len=0 MSS=1460 WS=256 SACK_PERM=1,0
1716195183.8043752,192.168.20.54,192.168.20.59,51342,502,66,TCP,[TCP Retransmission] [TCP Port numbers reused] 51342 → 502 [SYN] Seq=0 Win=64240 Len=0 MSS=1460 WS=256 SACK_PERM=1,0
1716195191.81555,192.168.20.54,192.168.20.59,51342,502,66,TCP,[TCP Retransmission] [TCP Port numbers reused] 51342 → 502 [SYN] Seq=0 Win=64240 Len=0 MSS=1460 WS=256 SACK_PERM=1,0
1716195203.225094,192.168.20.54,192.168.20.59,51398,502,66,TCP,51398 → 502 [SYN] Seq=0 Win=64240 Len=0 MSS=1460 WS=256 SACK_PERM=1,0
1716195204.2294888,192.168.20.54,192.168.20.59,51398,502,66,TCP,[TCP Retransmission] [TCP Port numbers reused] 51398 → 502 [SYN] Seq=0 Win=64240 Len=0 MSS=1460 WS=256 SACK_PERM=1,0
1716195206.236449,192.168.20.54,192.168.20.59,51398,502,66,TCP,[TCP Retransmission] [TCP Port numbers reused] 51398 → 502 [SYN] Seq=0 Win=64240 Len=0 MSS=1460 WS=256 SACK_PERM=1,0
1716195280.9213505,192.168.20.54,192.168.20.59,51398,502,66,Modbus/TCP,"[TCP Previous segment not captured]    Query: Trans:    37; Unit:   1, Func:   3: Read Holding Registers",0
1716195280.923788,192.168.20.54,192.168.20.59,51398,502,66,TCP,"[TCP Retransmission] 51398 → 502 [PSH, ACK] Seq=493 Ack=1 Win=130816 Len=12",0
1716195280.9240148,192.168.20.59,192.168.20.54,502,51398,67,Modbus/TCP,"[TCP ACKed unseen segment] Response: Trans:    37; Unit:   1, Func:   3: Read Holding Registers",0
1716195280.9357865,192.168.20.59,192.168.20.54,502,51398,67,TCP,"[TCP Retransmission] 502 → 51398 [PSH, ACK] Seq=1 Ack=505 Win=92 Len=13",0
1716195280.9602613,192.168.20.54,192.168.20.59,51398,502,66,Modbus/TCP,"   Query: Trans:    38; Unit:   1, Func:   3: Read Holding Registers",0
1716195280.9717357,192.168.20.54,192.168.20.59,51398,502,66,TCP,"[TCP Retransmission] 51398 → 502 [PSH, ACK] Seq=505 Ack=14 Win=130816 Len=12",0
1716195280.9719343,192.168.20.59,192.168.20.54,502,51398,67,Modbus/TCP,"Response: Trans:    38; Unit:   1, Func:   3: Read Holding Registers",0
1716195280.9838357,192.168.20.59,192.168.20.54,502,51398,67,TCP,"[TCP Retransmission] 502 → 51398 [PSH, ACK] Seq=14 Ack=517 Win=92 Len=13",0
1716195281.0067728,192.168.20.54,192.168.20.59,51398,502,71,Modbus/TCP,"   Query: Trans:    39; Unit:   1, Func:  16: Write Multiple Registers",1
1716195281.0077496,192.168.20.54,192.168.20.59,51398,502,71,TCP,"[TCP Retransmission] 51398 → 502 [PSH, ACK] Seq=517 Ack=27 Win=130816 Len=17",0
1716195281.007997,192.168.20.59,192.168.20.54,502,51398,66,Modbus/TCP,"Response: Trans:    39; Unit:   1, Func:  16: Write Multiple Registers",1
1716195281.019796,192.168.20.59,192.168.20.54,502,51398,66,TCP,"[TCP Retransmission] 502 → 51398 [PSH, ACK] Seq=27 Ack=534 Win=92 Len=12",0
1716195281.0669825,192.168.20.54,192.168.20.59,51398,502,60,TCP,51398 → 502 [ACK] Seq=534 Ack=39 Win=130816 Len=0,0
1716195281.0677571,192.168.20.54,192.168.20.59,51398,502,54,TCP,[TCP Dup ACK 175#1] 51398 → 502 [ACK] Seq=534 Ack=39 Win=130816 Len=0,0
1716195286.4410143,192.168.20.54,192.168.20.59,51398,502,66,Modbus/TCP,"   Query: Trans:    40; Unit:   1, Func:   3: Read Holding Registers",0
1716195286.4517906,192.168.20.54,192.168.20.59,51398,502,66,TCP,"[TCP Retransmission] 51398 → 502 [PSH, ACK] Seq=534 Ack=39 Win=130816 Len=12",0
1716195286.4520216,192.168.20.59,192.168.20.54,502,51398,67,Modbus/TCP,"Response: Trans:    40; Unit:   1, Func:   3: Read Holding Registers",0
1716195286.463832,192.168.20.59,192.168.20.54,502,51398,67,TCP,"[TCP Retransmission] 502 → 51398 [PSH, ACK] Seq=39 Ack=546 Win=92 Len=13",0
1716195286.4685304,192.168.20.54,192.168.20.59,51398,502,66,Modbus/TCP,"   Query: Trans:    41; Unit:   1, Func:   3: Read Holding Registers",0
1716195286.4758189,192.168.20.54,192.168.20.59,51398,502,66,TCP,"[TCP Retransmission] 51398 → 502 [PSH, ACK] Seq=546 Ack=52 Win=130816 Len=12",0
1716195286.4760191,192.168.20.59,192.168.20.54,502,51398,67,Modbus/TCP,"Response: Trans:    41; Unit:   1, Func:   3: Read Holding Registers",0
1716195286.4878078,192.168.20.59,192.168.20.54,502,51398,67,TCP,"[TCP Retransmission] 502 → 51398 [PSH, ACK] Seq=52 Ack=558 Win=92 Len=13",0
1716195286.4942381,192.168.20.54,192.168.20.59,51398,502,71,Modbus/TCP,"   Query: Trans:    42; Unit:   1, Func:  16: Write Multiple Registers",1
1716195286.499831,192.168.20.54,192.168.20.59,51398,502,71,TCP,"[TCP Retransmission] 51398 → 502 [PSH, ACK] Seq=558 Ack=65 Win=130816 Len=17",0
1716195286.5000348,192.168.20.59,192.168.20.54,502,51398,66,Modbus/TCP,"Response: Trans:    42; Unit:   1, Func:  16: Write Multiple Registers",1
1716195286.5118484,192.168.20.59,192.168.20.54,502,51398,66,TCP,"[TCP Retransmission] 502 → 51398 [PSH, ACK] Seq=65 Ack=575 Win=92 Len=12",0
1716195286.5678716,192.168.20.54,192.168.20.59,51398,502,60,TCP,51398 → 502 [ACK] Seq=575 Ack=77 Win=130816 Len=0,0
1716195286.5717638,192.168.20.54,192.168.20.59,51398,502,54,TCP,[TCP Dup ACK 189#1] 51398 → 502 [ACK] Seq=575 Ack=77 Win=130816 Len=0,0
1716195291.9155288,192.168.20.54,192.168.20.59,51398,502,66,Modbus/TCP,"   Query: Trans:    43; Unit:   1, Func:   3: Read Holding Registers",0
1716195291.923768,192.168.20.54,192.168.20.59,51398,502,66,TCP,"[TCP Retransmission] 51398 → 502 [PSH, ACK] Seq=575 Ack=77 Win=130816 Len=12",0
1716195291.923977,192.168.20.59,192.168.20.54,502,51398,67,Modbus/TCP,"Response: Trans:    43; Unit:   1, Func:   3: Read Holding Registers",0
1716195291.9358215,192.168.20.59,192.168.20.54,502,51398,67,TCP,"[TCP Retransmission] 502 → 51398 [PSH, ACK] Seq=77 Ack=587 Win=92 Len=13",0
1716195291.9475007,192.168.20.54,192.168.20.59,51398,502,66,Modbus/TCP,"   Query: Trans:    44; Unit:   1, Func:   3: Read Holding Registers",0
1716195291.9478052,192.168.20.54,192.168.20.59,51398,502,66,TCP,"[TCP Retransmission] 51398 → 502 [PSH, ACK] Seq=587 Ack=90 Win=130816 Len=12",0
1716195291.948004,192.168.20.59,192.168.20.54,502,51398,67,Modbus/TCP,"Response: Trans:    44; Unit:   1, Func:   3: Read Holding Registers",0
1716195291.9598196,192.168.20.59,192.168.20.54,502,51398,67,TCP,"[TCP Retransmission] 502 → 51398 [PSH, ACK] Seq=90 Ack=599 Win=92 Len=13",0
1716195291.9649448,192.168.20.54,192.168.20.59,51398,502,71,Modbus/TCP,"   Query: Trans:    45; Unit:   1, Func:  16: Write Multiple Registers",1
1716195291.971815,192.168.20.54,192.168.20.59,51398,502,71,TCP,"[TCP Retransmission] 51398 → 502 [PSH, ACK] Seq=599 Ack=103 Win=130816 Len=17",0
1716195291.972015,192.168.20.59,192.168.20.54,502,51398,66,Modbus/TCP,"Response: Trans:    45; Unit:   1, Func:  16: Write Multiple Registers",1
1716195291.983826,192.168.20.59,192.168.20.54,502,51398,66,TCP,"[TCP Retransmission] 502 → 51398 [PSH, ACK] Seq=103 Ack=616 Win=92 Len=12",0
1716195292.0386934,192.168.20.54,192.168.20.59,51398,502,60,TCP,51398 → 502 [ACK] Seq=616 Ack=115 Win=130816 Len=0,0
1716195292.0437558,192.168.20.54,192.168.20.59,51398,502,54,TCP,[TCP Dup ACK 203#1] 51398 → 502 [ACK] Seq=616 Ack=115 Win=130816 Len=0,0
1716195297.3783393,192.168.20.54,192.168.20.59,51398,502,66,Modbus/TCP,"   Query: Trans:    46; Unit:   1, Func:   3: Read Holding Registers",0
1716195297.3877733,192.168.20.54,192.168.20.59,51398,502,66,TCP,"[TCP Retransmission] 51398 → 502 [PSH, ACK] Seq=616 Ack=115 Win=130816 Len=12",0
1716195297.3880038,192.168.20.59,192.168.20.54,502,51398,67,Modbus/TCP,"Response: Trans:    46; Unit:   1, Func:   3: Read Holding Registers",0
1716195297.3998156,192.168.20.59,192.168.20.54,502,51398,67,TCP,"[TCP Retransmission] 502 → 51398 [PSH, ACK] Seq=115 Ack=628 Win=92 Len=13",0
1716195297.4056137,192.168.20.54,192.168.20.59,51398,502,66,Modbus/TCP,"   Query: Trans:    47; Unit:   1, Func:   3: Read Holding Registers",0
1716195297.4118156,192.168.20.54,192.168.20.59,51398,502,66,TCP,"[TCP Retransmission] 51398 → 502 [PSH, ACK] Seq=628 Ack=128 Win=130816 Len=12",0
1716195297.412014,192.168.20.59,192.168.20.54,502,51398,67,Modbus/TCP,"Response: Trans:    47; Unit:   1, Func:   3: Read Holding Registers",0
1716195297.423821,192.168.20.59,192.168.20.54,502,51398,67,TCP,"[TCP Retransmission] 502 → 51398 [PSH, ACK] Seq=128 Ack=640 Win=92 Len=13",0
1716195297.4310477,192.168.20.54,192.168.20.59,51398,502,71,Modbus/TCP,"   Query: Trans:    48; Unit:   1, Func:  16: Write Multiple Registers",1
1716195297.435814,192.168.20.54,192.168.20.59,51398,502,71,TCP,"[TCP Retransmission] 51398 → 502 [PSH, ACK] Seq=640 Ack=141 Win=130560 Len=17",0
1716195297.4360127,192.168.20.59,192.168.20.54,502,51398,66,Modbus/TCP,"Response: Trans:    48; Unit:   1, Func:  16: Write Multiple Registers",1
1716195297.4478202,192.168.20.59,192.168.20.54,502,51398,66,TCP,"[TCP Retransmission] 502 → 51398 [PSH, ACK] Seq=141 Ack=657 Win=92 Len=12",0
1716195297.497203,192.168.20.54,192.168.20.59,51398,502,60,TCP,51398 → 502 [ACK] Seq=657 Ack=153 Win=130560 Len=0,0
1716195297.5077832,192.168.20.54,192.168.20.59,51398,502,54,TCP,[TCP Dup ACK 217#1] 51398 → 502 [ACK] Seq=657 Ack=153 Win=130560 Len=0,0
1716195302.8386524,192.168.20.54,192.168.20.59,51398,502,66,Modbus/TCP,"   Query: Trans:    49; Unit:   1, Func:   3: Read Holding Registers",0
1716195302.8438056,192.168.20.54,192.168.20.59,51398,502,66,TCP,"[TCP Retransmission] 51398 → 502 [PSH, ACK] Seq=657 Ack=153 Win=130560 Len=12",0
1716195302.8440337,192.168.20.59,192.168.20.54,502,51398,67,Modbus/TCP,"Response: Trans:    49; Unit:   1, Func:   3: Read Holding Registers",0
1716195302.8558517,192.168.20.59,192.168.20.54,502,51398,67,TCP,"[TCP Retransmission] 502 → 51398 [PSH, ACK] Seq=153 Ack=669 Win=92 Len=13",0
1716195302.8729768,192.168.20.54,192.168.20.59,51398,502,66,Modbus/TCP,"   Query: Trans:    50; Unit:   1, Func:   3: Read Holding Registers",0
1716195302.8797872,192.168.20.54,192.168.20.59,51398,502,66,TCP,"[TCP Retransmission] 51398 → 502 [PSH, ACK] Seq=669 Ack=166 Win=130560 Len=12",0
1716195302.880016,192.168.20.59,192.168.20.54,502,51398,67,Modbus/TCP,"Response: Trans:    50; Unit:   1, Func:   3: Read Holding Registers",0
1716195302.8918214,192.168.20.59,192.168.20.54,502,51398,67,TCP,"[TCP Retransmission] 502 → 51398 [PSH, ACK] Seq=166 Ack=681 Win=92 Len=13",0
1716195302.9153097,192.168.20.54,192.168.20.59,51398,502,71,Modbus/TCP,"   Query: Trans:    51; Unit:   1, Func:  16: Write Multiple Registers",1
1716195302.9157567,192.168.20.54,192.168.20.59,51398,502,71,TCP,"[TCP Retransmission] 51398 → 502 [PSH, ACK] Seq=681 Ack=179 Win=130560 Len=17",0
1716195302.9159837,192.168.20.59,192.168.20.54,502,51398,66,Modbus/TCP,"Response: Trans:    51; Unit:   1, Func:  16: Write Multiple Registers",1
1716195302.9278202,192.168.20.59,192.168.20.54,502,51398,66,TCP,"[TCP Retransmission] 502 → 51398 [PSH, ACK] Seq=179 Ack=698 Win=92 Len=12",0
1716195302.9748476,192.168.20.54,192.168.20.59,51398,502,60,TCP,51398 → 502 [ACK] Seq=698 Ack=191 Win=130560 Len=0,0
1716195302.9757648,192.168.20.54,192.168.20.59,51398,502,54,TCP,[TCP Dup ACK 231#1] 51398 → 502 [ACK] Seq=698 Ack=191 Win=130560 Len=0,0
1716195308.3413756,192.168.20.54,192.168.20.59,51398,502,66,Modbus/TCP,"   Query: Trans:    52; Unit:   1, Func:   3: Read Holding Registers",0
1716195308.351758,192.168.20.54,192.168.20.59,51398,502,66,TCP,"[TCP Retransmission] 51398 → 502 [PSH, ACK] Seq=698 Ack=191 Win=130560 Len=12",0
1716195308.3519576,192.168.20.59,192.168.20.54,502,51398,67,Modbus/TCP,"Response: Trans:    52; Unit:   1, Func:   3: Read Holding Registers",0
1716195308.3638175,192.168.20.59,192.168.20.54,502,51398,67,TCP,"[TCP Retransmission] 502 → 51398 [PSH, ACK] Seq=191 Ack=710 Win=92 Len=13",0
1716195308.3826828,192.168.20.54,192.168.20.59,51398,502,66,Modbus/TCP,"   Query: Trans:    53; Unit:   1, Func:   3: Read Holding Registers",0
1716195308.387764,192.168.20.54,192.168.20.59,51398,502,66,TCP,"[TCP Retransmission] 51398 → 502 [PSH, ACK] Seq=710 Ack=204 Win=130560 Len=12",0
1716195308.3879924,192.168.20.59,192.168.20.54,502,51398,67,Modbus/TCP,"Response: Trans:    53; Unit:   1, Func:   3: Read Holding Registers",0
1716195308.3998015,192.168.20.59,192.168.20.54,502,51398,67,TCP,"[TCP Retransmission] 502 → 51398 [PSH, ACK] Seq=204 Ack=722 Win=92 Len=13",0
1716195308.4138875,192.168.20.54,192.168.20.59,51398,502,71,Modbus/TCP,"   Query: Trans:    54; Unit:   1, Func:  16: Write Multiple Registers",1
1716195308.4237611,192.168.20.54,192.168.20.59,51398,502,71,TCP,"[TCP Retransmission] 51398 → 502 [PSH, ACK] Seq=722 Ack=217 Win=130560 Len=17",0
1716195308.4239895,192.168.20.59,192.168.20.54,502,51398,66,Modbus/TCP,"Response: Trans:    54; Unit:   1, Func:  16: Write Multiple Registers",1
1716195308.4358172,192.168.20.59,192.168.20.54,502,51398,66,TCP,"[TCP Retransmission] 502 → 51398 [PSH, ACK] Seq=217 Ack=739 Win=92 Len=12",0
1716195308.4894123,192.168.20.54,192.168.20.59,51398,502,60,TCP,51398 → 502 [ACK] Seq=739 Ack=229 Win=130560 Len=0,0
1716195308.495766,192.168.20.54,192.168.20.59,51398,502,54,TCP,[TCP Dup ACK 245#1] 51398 → 502 [ACK] Seq=739 Ack=229 Win=130560 Len=0,0
1716195313.899682,192.168.20.54,192.168.20.59,51398,502,66,Modbus/TCP,"   Query: Trans:    55; Unit:   1, Func:   3: Read Holding Registers",0
1716195313.911759,192.168.20.54,192.168.20.59,51398,502,66,TCP,"[TCP Retransmission] 51398 → 502 [PSH, ACK] Seq=739 Ack=229 Win=130560 Len=12",0
1716195313.9119651,192.168.20.59,192.168.20.54,502,51398,67,Modbus/TCP,"Response: Trans:    55; Unit:   1, Func:   3: Read Holding Registers",0
1716195313.923818,192.168.20.59,192.168.20.54,502,51398,67,TCP,"[TCP Retransmission] 502 → 51398 [PSH, ACK] Seq=229 Ack=751 Win=92 Len=13",0
1716195313.9293907,192.168.20.54,192.168.20.59,51398,502,66,Modbus/TCP,"   Query: Trans:    56; Unit:   1, Func:   3: Read Holding Registers",0
1716195313.9358168,192.168.20.54,192.168.20.59,51398,502,66,TCP,"[TCP Retransmission] 51398 → 502 [PSH, ACK] Seq=751 Ack=242 Win=130560 Len=12",0
1716195313.9360166,192.168.20.59,192.168.20.54,502,51398,67,Modbus/TCP,"Response: Trans:    56; Unit:   1, Func:   3: Read Holding Registers",0
1716195313.9478185,192.168.20.59,192.168.20.54,502,51398,67,TCP,"[TCP Retransmission] 502 → 51398 [PSH, ACK] Seq=242 Ack=763 Win=92 Len=13",0
1716195313.95357,192.168.20.54,192.168.20.59,51398,502,71,Modbus/TCP,"   Query: Trans:    57; Unit:   1, Func:  16: Write Multiple Registers",1
1716195313.9598148,192.168.20.54,192.168.20.59,51398,502,71,TCP,"[TCP Retransmission] 51398 → 502 [PSH, ACK] Seq=763 Ack=255 Win=130560 Len=17",0
1716195313.9600182,192.168.20.59,192.168.20.54,502,51398,66,Modbus/TCP,"Response: Trans:    57; Unit:   1, Func:  16: Write Multiple Registers",1
1716195313.9718177,192.168.20.59,192.168.20.54,502,51398,66,TCP,"[TCP Retransmission] 502 → 51398 [PSH, ACK] Seq=255 Ack=780 Win=92 Len=12",0
1716195314.0513313,192.168.20.54,192.168.20.59,51398,502,60,TCP,51398 → 502 [ACK] Seq=780 Ack=267 Win=130560 Len=0,0
1716195314.055756,192.168.20.54,192.168.20.59,51398,502,54,TCP,[TCP Dup ACK 259#1] 51398 → 502 [ACK] Seq=780 Ack=267 Win=130560 Len=0,0
1716195319.423032,192.168.20.54,192.168.20.59,51398,502,66,Modbus/TCP,"   Query: Trans:    58; Unit:   1, Func:   3: Read Holding Registers",0
1716195319.4317772,192.168.20.54,192.168.20.59,51398,502,66,TCP,"[TCP Retransmission] 51398 → 502 [PSH, ACK] Seq=780 Ack=267 Win=130560 Len=12",0
1716195319.4319992,192.168.20.59,192.168.20.54,502,51398,67,Modbus/TCP,"Response: Trans:    58; Unit:   1, Func:   3: Read Holding Registers",0
1716195319.4438133,192.168.20.59,192.168.20.54,502,51398,67,TCP,"[TCP Retransmission] 502 → 51398 [PSH, ACK] Seq=267 Ack=792 Win=92 Len=13",0
1716195319.4549692,192.168.20.54,192.168.20.59,51398,502,66,Modbus/TCP,"   Query: Trans:    59; Unit:   1, Func:   3: Read Holding Registers",0
1716195319.4558165,192.168.20.54,192.168.20.59,51398,502,66,TCP,"[TCP Retransmission] 51398 → 502 [PSH, ACK] Seq=792 Ack=280 Win=130560 Len=12",0
1716195319.4560146,192.168.20.59,192.168.20.54,502,51398,67,Modbus/TCP,"Response: Trans:    59; Unit:   1, Func:   3: Read Holding Registers",0
1716195319.4678097,192.168.20.59,192.168.20.54,502,51398,67,TCP,"[TCP Retransmission] 502 → 51398 [PSH, ACK] Seq=280 Ack=804 Win=92 Len=13",0
1716195319.4873693,192.168.20.54,192.168.20.59,51398,502,71,Modbus/TCP,"   Query: Trans:    60; Unit:   1, Func:  16: Write Multiple Registers",1
1716195319.4917505,192.168.20.54,192.168.20.59,51398,502,71,TCP,"[TCP Retransmission] 51398 → 502 [PSH, ACK] Seq=804 Ack=293 Win=130560 Len=17",0
1716195319.4919713,192.168.20.59,192.168.20.54,502,51398,66,Modbus/TCP,"Response: Trans:    60; Unit:   1, Func:  16: Write Multiple Registers",1
1716195319.5038128,192.168.20.59,192.168.20.54,502,51398,66,TCP,"[TCP Retransmission] 502 → 51398 [PSH, ACK] Seq=293 Ack=821 Win=92 Len=12",0
1716195319.5516968,192.168.20.54,192.168.20.59,51398,502,60,TCP,51398 → 502 [ACK] Seq=821 Ack=305 Win=130560 Len=0,0
1716195319.5637765,192.168.20.54,192.168.20.59,51398,502,54,TCP,[TCP Dup ACK 273#1] 51398 → 502 [ACK] Seq=821 Ack=305 Win=130560 Len=0,0
1716195324.9305472,192.168.20.54,192.168.20.59,51398,502,66,Modbus/TCP,"   Query: Trans:    61; Unit:   1, Func:   3: Read Holding Registers",0
1716195324.9358,192.168.20.54,192.168.20.59,51398,502,66,TCP,"[TCP Retransmission] 51398 → 502 [PSH, ACK] Seq=821 Ack=305 Win=130560 Len=12",0
1716195324.9360504,192.168.20.59,192.168.20.54,502,51398,67,Modbus/TCP,"Response: Trans:    61; Unit:   1, Func:   3: Read Holding Registers",0
1716195324.9478517,192.168.20.59,192.168.20.54,502,51398,67,TCP,"[TCP Retransmission] 502 → 51398 [PSH, ACK] Seq=305 Ack=833 Win=92 Len=13",0
1716195324.969451,192.168.20.54,192.168.20.59,51398,502,66,Modbus/TCP,"   Query: Trans:    62; Unit:   1, Func:   3: Read Holding Registers",0
1716195324.9717853,192.168.20.54,192.168.20.59,51398,502,66,TCP,"[TCP Retransmission] 51398 → 502 [PSH, ACK] Seq=833 Ack=318 Win=130560 Len=12",0
1716195324.9720144,192.168.20.59,192.168.20.54,502,51398,67,Modbus/TCP,"Response: Trans:    62; Unit:   1, Func:   3: Read Holding Registers",0
1716195324.9838188,192.168.20.59,192.168.20.54,502,51398,67,TCP,"[TCP Retransmission] 502 → 51398 [PSH, ACK] Seq=318 Ack=845 Win=92 Len=13",0
1716195324.993445,192.168.20.54,192.168.20.59,51398,502,71,Modbus/TCP,"   Query: Trans:    63; Unit:   1, Func:  16: Write Multiple Registers",1
1716195324.9958463,192.168.20.54,192.168.20.59,51398,502,71,TCP,"[TCP Retransmission] 51398 → 502 [PSH, ACK] Seq=845 Ack=331 Win=130560 Len=17",0
1716195324.9960487,192.168.20.59,192.168.20.54,502,51398,66,Modbus/TCP,"Response: Trans:    63; Unit:   1, Func:  16: Write Multiple Registers",1
1716195325.0078192,192.168.20.59,192.168.20.54,502,51398,66,TCP,"[TCP Retransmission] 502 → 51398 [PSH, ACK] Seq=331 Ack=862 Win=92 Len=12",0
1716195325.0595424,192.168.20.54,192.168.20.59,51398,502,60,TCP,51398 → 502 [ACK] Seq=862 Ack=343 Win=130560 Len=0,0
1716195325.0677855,192.168.20.54,192.168.20.59,51398,502,54,TCP,[TCP Dup ACK 287#1] 51398 → 502 [ACK] Seq=862 Ack=343 Win=130560 Len=0,0
1716195330.4268146,192.168.20.54,192.168.20.59,51398,502,66,Modbus/TCP,"   Query: Trans:    64; Unit:   1, Func:   3: Read Holding Registers",0
1716195330.4357588,192.168.20.54,192.168.20.59,51398,502,66,TCP,"[TCP Retransmission] 51398 → 502 [PSH, ACK] Seq=862 Ack=343 Win=130560 Len=12",0
1716195330.4359865,192.168.20.59,192.168.20.54,502,51398,67,Modbus/TCP,"Response: Trans:    64; Unit:   1, Func:   3: Read Holding Registers",0
1716195330.4478197,192.168.20.59,192.168.20.54,502,51398,67,TCP,"[TCP Retransmission] 502 → 51398 [PSH, ACK] Seq=343 Ack=874 Win=92 Len=13",0
1716195330.457225,192.168.20.54,192.168.20.59,51398,502,66,Modbus/TCP,"   Query: Trans:    65; Unit:   1, Func:   3: Read Holding Registers",0
1716195330.459818,192.168.20.54,192.168.20.59,51398,502,66,TCP,"[TCP Retransmission] 51398 → 502 [PSH, ACK] Seq=874 Ack=356 Win=130560 Len=12",0
1716195330.4600205,192.168.20.59,192.168.20.54,502,51398,67,Modbus/TCP,"Response: Trans:    65; Unit:   1, Func:   3: Read Holding Registers",0
1716195330.471846,192.168.20.59,192.168.20.54,502,51398,67,TCP,"[TCP Retransmission] 502 → 51398 [PSH, ACK] Seq=356 Ack=886 Win=92 Len=13",0
1716195330.4771323,192.168.20.54,192.168.20.59,51398,502,71,Modbus/TCP,"   Query: Trans:    66; Unit:   1, Func:  16: Write Multiple Registers",1
1716195330.4838183,192.168.20.54,192.168.20.59,51398,502,71,TCP,"[TCP Retransmission] 51398 → 502 [PSH, ACK] Seq=886 Ack=369 Win=130560 Len=17",0
1716195330.4840226,192.168.20.59,192.168.20.54,502,51398,66,Modbus/TCP,"Response: Trans:    66; Unit:   1, Func:  16: Write Multiple Registers",1
1716195330.4958477,192.168.20.59,192.168.20.54,502,51398,66,TCP,"[TCP Retransmission] 502 → 51398 [PSH, ACK] Seq=369 Ack=903 Win=92 Len=12",0
1716195330.5465724,192.168.20.54,192.168.20.59,51398,502,60,TCP,51398 → 502 [ACK] Seq=903 Ack=381 Win=130560 Len=0,0
1716195330.5557916,192.168.20.54,192.168.20.59,51398,502,54,TCP,[TCP Dup ACK 301#1] 51398 → 502 [ACK] Seq=903 Ack=381 Win=130560 Len=0,0
1716195335.915516,192.168.20.54,192.168.20.59,51398,502,66,Modbus/TCP,"   Query: Trans:    67; Unit:   1, Func:   3: Read Holding Registers",0
1716195335.9238083,192.168.20.54,192.168.20.59,51398,502,66,TCP,"[TCP Retransmission] 51398 → 502 [PSH, ACK] Seq=903 Ack=381 Win=130560 Len=12",0
1716195335.924034,192.168.20.59,192.168.20.54,502,51398,67,Modbus/TCP,"Response: Trans:    67; Unit:   1, Func:   3: Read Holding Registers",0
1716195335.9358137,192.168.20.59,192.168.20.54,502,51398,67,TCP,"[TCP Retransmission] 502 → 51398 [PSH, ACK] Seq=381 Ack=915 Win=92 Len=13",0
1716195335.9655082,192.168.20.54,192.168.20.59,51398,502,66,Modbus/TCP,"   Query: Trans:    68; Unit:   1, Func:   3: Read Holding Registers",0
1716195335.9717739,192.168.20.54,192.168.20.59,51398,502,66,TCP,"[TCP Retransmission] 51398 → 502 [PSH, ACK] Seq=915 Ack=394 Win=130304 Len=12",0
1716195335.9719992,192.168.20.59,192.168.20.54,502,51398,67,Modbus/TCP,"Response: Trans:    68; Unit:   1, Func:   3: Read Holding Registers",0
1716195335.9838135,192.168.20.59,192.168.20.54,502,51398,67,TCP,"[TCP Retransmission] 502 → 51398 [PSH, ACK] Seq=394 Ack=927 Win=92 Len=13",0
1716195335.9900367,192.168.20.54,192.168.20.59,51398,502,71,Modbus/TCP,"   Query: Trans:    69; Unit:   1, Func:  16: Write Multiple Registers",1
1716195335.9958131,192.168.20.54,192.168.20.59,51398,502,71,TCP,"[TCP Retransmission] 51398 → 502 [PSH, ACK] Seq=927 Ack=407 Win=130304 Len=17",0
1716195335.99601,192.168.20.59,192.168.20.54,502,51398,66,Modbus/TCP,"Response: Trans:    69; Unit:   1, Func:  16: Write Multiple Registers",1
1716195336.0078115,192.168.20.59,192.168.20.54,502,51398,66,TCP,"[TCP Retransmission] 502 → 51398 [PSH, ACK] Seq=407 Ack=944 Win=92 Len=12",0
1716195336.0626187,192.168.20.54,192.168.20.59,51398,502,60,TCP,51398 → 502 [ACK] Seq=944 Ack=419 Win=130304 Len=0,0
1716195336.0717733,192.168.20.54,192.168.20.59,51398,502,54,TCP,[TCP Dup ACK 315#1] 51398 → 502 [ACK] Seq=944 Ack=419 Win=130304 Len=0,0
1716195341.415923,192.168.20.54,192.168.20.59,51398,502,66,Modbus/TCP,"   Query: Trans:    70; Unit:   1, Func:   3: Read Holding Registers",0
1716195341.4237895,192.168.20.54,192.168.20.59,51398,502,66,TCP,"[TCP Retransmission] 51398 → 502 [PSH, ACK] Seq=944 Ack=419 Win=130304 Len=12",0
1716195341.424018,192.168.20.59,192.168.20.54,502,51398,67,Modbus/TCP,"Response: Trans:    70; Unit:   1, Func:   3: Read Holding Registers",0
1716195341.4358127,192.168.20.59,192.168.20.54,502,51398,67,TCP,"[TCP Retransmission] 502 → 51398 [PSH, ACK] Seq=419 Ack=956 Win=92 Len=13",0
1716195341.4422424,192.168.20.54,192.168.20.59,51398,502,66,Modbus/TCP,"   Query: Trans:    71; Unit:   1, Func:   3: Read Holding Registers",0
1716195341.447937,192.168.20.54,192.168.20.59,51398,502,66,TCP,"[TCP Retransmission] 51398 → 502 [PSH, ACK] Seq=956 Ack=432 Win=130304 Len=12",0
1716195341.4483309,192.168.20.59,192.168.20.54,502,51398,67,Modbus/TCP,"Response: Trans:    71; Unit:   1, Func:   3: Read Holding Registers",0
1716195341.4598217,192.168.20.59,192.168.20.54,502,51398,67,TCP,"[TCP Retransmission] 502 → 51398 [PSH, ACK] Seq=432 Ack=968 Win=92 Len=13",0
1716195341.468248,192.168.20.54,192.168.20.59,51398,502,71,Modbus/TCP,"   Query: Trans:    72; Unit:   1, Func:  16: Write Multiple Registers",1
1716195341.4718153,192.168.20.54,192.168.20.59,51398,502,71,TCP,"[TCP Retransmission] 51398 → 502 [PSH, ACK] Seq=968 Ack=445 Win=130304 Len=17",0
1716195341.4720147,192.168.20.59,192.168.20.54,502,51398,66,Modbus/TCP,"Response: Trans:    72; Unit:   1, Func:  16: Write Multiple Registers",1
1716195341.483826,192.168.20.59,192.168.20.54,502,51398,66,TCP,"[TCP Retransmission] 502 → 51398 [PSH, ACK] Seq=445 Ack=985 Win=92 Len=12",0
1716195341.5446267,192.168.20.54,192.168.20.59,51398,502,60,TCP,51398 → 502 [ACK] Seq=985 Ack=457 Win=130304 Len=0,0
1716195341.5557668,192.168.20.54,192.168.20.59,51398,502,54,TCP,[TCP Dup ACK 329#1] 51398 → 502 [ACK] Seq=985 Ack=457 Win=130304 Len=0,0
1716195347.2548428,192.168.20.54,192.168.20.59,51398,502,66,Modbus/TCP,"   Query: Trans:    73; Unit:   1, Func:   3: Read Holding Registers",0
1716195347.263805,192.168.20.54,192.168.20.59,51398,502,66,TCP,"[TCP Retransmission] 51398 → 502 [PSH, ACK] Seq=985 Ack=457 Win=130304 Len=12",0
1716195347.2640283,192.168.20.59,192.168.20.54,502,51398,67,Modbus/TCP,"Response: Trans:    73; Unit:   1, Func:   3: Read Holding Registers",0
1716195347.27581,192.168.20.59,192.168.20.54,502,51398,67,TCP,"[TCP Retransmission] 502 → 51398 [PSH, ACK] Seq=457 Ack=997 Win=92 Len=13",0
1716195347.2810147,192.168.20.54,192.168.20.59,51398,502,66,Modbus/TCP,"   Query: Trans:    74; Unit:   1, Func:   3: Read Holding Registers",0
1716195347.287814,192.168.20.54,192.168.20.59,51398,502,66,TCP,"[TCP Retransmission] 51398 → 502 [PSH, ACK] Seq=997 Ack=470 Win=130304 Len=12",0
1716195347.2880125,192.168.20.59,192.168.20.54,502,51398,67,Modbus/TCP,"Response: Trans:    74; Unit:   1, Func:   3: Read Holding Registers",0
1716195347.2998228,192.168.20.59,192.168.20.54,502,51398,67,TCP,"[TCP Retransmission] 502 → 51398 [PSH, ACK] Seq=470 Ack=1009 Win=92 Len=13",0
1716195347.3076,192.168.20.54,192.168.20.59,51398,502,71,Modbus/TCP,"   Query: Trans:    75; Unit:   1, Func:  16: Write Multiple Registers",1
1716195347.3118007,192.168.20.54,192.168.20.59,51398,502,71,TCP,"[TCP Retransmission] 51398 → 502 [PSH, ACK] Seq=1009 Ack=483 Win=130304 Len=17",0
1716195347.3119953,192.168.20.59,192.168.20.54,502,51398,66,Modbus/TCP,"Response: Trans:    75; Unit:   1, Func:  16: Write Multiple Registers",1
1716195347.3238316,192.168.20.59,192.168.20.54,502,51398,66,TCP,"[TCP Retransmission] 502 → 51398 [PSH, ACK] Seq=483 Ack=1026 Win=92 Len=12",0
1716195347.3716865,192.168.20.54,192.168.20.59,51398,502,60,TCP,51398 → 502 [ACK] Seq=1026 Ack=495 Win=130304 Len=0,0
1716195347.383754,192.168.20.54,192.168.20.59,51398,502,54,TCP,[TCP Dup ACK 343#1] 51398 → 502 [ACK] Seq=1026 Ack=495 Win=130304 Len=0,0
1716195352.925206,192.168.20.54,192.168.20.59,51398,502,66,Modbus/TCP,"   Query: Trans:    76; Unit:   1, Func:   3: Read Holding Registers",0
1716195352.9277985,192.168.20.54,192.168.20.59,51398,502,66,TCP,"[TCP Retransmission] 51398 → 502 [PSH, ACK] Seq=1026 Ack=495 Win=130304 Len=12",0
1716195352.9280236,192.168.20.59,192.168.20.54,502,51398,67,Modbus/TCP,"Response: Trans:    76; Unit:   1, Func:   3: Read Holding Registers",0
1716195352.939813,192.168.20.59,192.168.20.54,502,51398,67,TCP,"[TCP Retransmission] 502 → 51398 [PSH, ACK] Seq=495 Ack=1038 Win=92 Len=13",0
1716195352.9722407,192.168.20.54,192.168.20.59,51398,502,66,Modbus/TCP,"   Query: Trans:    77; Unit:   1, Func:   3: Read Holding Registers",0
1716195352.975774,192.168.20.54,192.168.20.59,51398,502,66,TCP,"[TCP Retransmission] 51398 → 502 [PSH, ACK] Seq=1038 Ack=508 Win=130304 Len=12",0
1716195352.9759996,192.168.20.59,192.168.20.54,502,51398,67,Modbus/TCP,"Response: Trans:    77; Unit:   1, Func:   3: Read Holding Registers",0
1716195352.9878128,192.168.20.59,192.168.20.54,502,51398,67,TCP,"[TCP Retransmission] 502 → 51398 [PSH, ACK] Seq=508 Ack=1050 Win=92 Len=13",0
1716195353.0003824,192.168.20.54,192.168.20.59,51398,502,71,Modbus/TCP,"   Query: Trans:    78; Unit:   1, Func:  16: Write Multiple Registers",1
1716195353.0117517,192.168.20.54,192.168.20.59,51398,502,71,TCP,"[TCP Retransmission] 51398 → 502 [PSH, ACK] Seq=1050 Ack=521 Win=130304 Len=17",0
1716195353.0119772,192.168.20.59,192.168.20.54,502,51398,66,Modbus/TCP,"Response: Trans:    78; Unit:   1, Func:  16: Write Multiple Registers",1
1716195353.023811,192.168.20.59,192.168.20.54,502,51398,66,TCP,"[TCP Retransmission] 502 → 51398 [PSH, ACK] Seq=521 Ack=1067 Win=92 Len=12",0
1716195353.0756335,192.168.20.54,192.168.20.59,51398,502,60,TCP,51398 → 502 [ACK] Seq=1067 Ack=533 Win=130304 Len=0,0
1716195353.0877752,192.168.20.54,192.168.20.59,51398,502,54,TCP,[TCP Dup ACK 357#1] 51398 → 502 [ACK] Seq=1067 Ack=533 Win=130304 Len=0,0
1716195358.4463184,192.168.20.54,192.168.20.59,51398,502,66,Modbus/TCP,"   Query: Trans:    79; Unit:   1, Func:   3: Read Holding Registers",0
1716195358.4517715,192.168.20.54,192.168.20.59,51398,502,66,TCP,"[TCP Retransmission] 51398 → 502 [PSH, ACK] Seq=1067 Ack=533 Win=130304 Len=12",0
1716195358.4520016,192.168.20.59,192.168.20.54,502,51398,67,Modbus/TCP,"Response: Trans:    79; Unit:   1, Func:   3: Read Holding Registers",0
1716195358.4638135,192.168.20.59,192.168.20.54,502,51398,67,TCP,"[TCP Retransmission] 502 → 51398 [PSH, ACK] Seq=533 Ack=1079 Win=92 Len=13",0
1716195358.471091,192.168.20.54,192.168.20.59,51398,502,66,Modbus/TCP,"   Query: Trans:    80; Unit:   1, Func:   3: Read Holding Registers",0
1716195358.4758146,192.168.20.54,192.168.20.59,51398,502,66,TCP,"[TCP Retransmission] 51398 → 502 [PSH, ACK] Seq=1079 Ack=546 Win=130304 Len=12",0
1716195358.4760091,192.168.20.59,192.168.20.54,502,51398,67,Modbus/TCP,"Response: Trans:    80; Unit:   1, Func:   3: Read Holding Registers",0
1716195358.4878204,192.168.20.59,192.168.20.54,502,51398,67,TCP,"[TCP Retransmission] 502 → 51398 [PSH, ACK] Seq=546 Ack=1091 Win=92 Len=13",0
1716195358.5140743,192.168.20.54,192.168.20.59,51398,502,71,Modbus/TCP,"   Query: Trans:    81; Unit:   1, Func:  16: Write Multiple Registers",1
1716195358.5237749,192.168.20.54,192.168.20.59,51398,502,71,TCP,"[TCP Retransmission] 51398 → 502 [PSH, ACK] Seq=1091 Ack=559 Win=130304 Len=17",0
1716195358.5240004,192.168.20.59,192.168.20.54,502,51398,66,Modbus/TCP,"Response: Trans:    81; Unit:   1, Func:  16: Write Multiple Registers",1
1716195358.5358129,192.168.20.59,192.168.20.54,502,51398,66,TCP,"[TCP Retransmission] 502 → 51398 [PSH, ACK] Seq=559 Ack=1108 Win=92 Len=12",0
1716195358.5893052,192.168.20.54,192.168.20.59,51398,502,60,TCP,51398 → 502 [ACK] Seq=1108 Ack=571 Win=130304 Len=0,0
1716195358.5957778,192.168.20.54,192.168.20.59,51398,502,54,TCP,[TCP Dup ACK 371#1] 51398 → 502 [ACK] Seq=1108 Ack=571 Win=130304 Len=0,0
1716195363.9490824,192.168.20.54,192.168.20.59,51398,502,66,Modbus/TCP,"   Query: Trans:    82; Unit:   1, Func:   3: Read Holding Registers",0
1716195363.95981,192.168.20.54,192.168.20.59,51398,502,66,TCP,"[TCP Retransmission] 51398 → 502 [PSH, ACK] Seq=1108 Ack=571 Win=130304 Len=12",0
1716195363.959992,192.168.20.59,192.168.20.54,502,51398,67,Modbus/TCP,"Response: Trans:    82; Unit:   1, Func:   3: Read Holding Registers",0
1716195363.971812,192.168.20.59,192.168.20.54,502,51398,67,TCP,"[TCP Retransmission] 502 → 51398 [PSH, ACK] Seq=571 Ack=1120 Win=92 Len=13",0
1716195363.9771674,192.168.20.54,192.168.20.59,51398,502,66,Modbus/TCP,"   Query: Trans:    83; Unit:   1, Func:   3: Read Holding Registers",0
1716195363.983816,192.168.20.54,192.168.20.59,51398,502,66,TCP,"[TCP Retransmission] 51398 → 502 [PSH, ACK] Seq=1120 Ack=584 Win=130304 Len=12",0
1716195363.9840171,192.168.20.59,192.168.20.54,502,51398,67,Modbus/TCP,"Response: Trans:    83; Unit:   1, Func:   3: Read Holding Registers",0
1716195363.9958208,192.168.20.59,192.168.20.54,502,51398,67,TCP,"[TCP Retransmission] 502 → 51398 [PSH, ACK] Seq=584 Ack=1132 Win=92 Len=13",0
1716195364.0040207,192.168.20.54,192.168.20.59,51398,502,71,Modbus/TCP,"   Query: Trans:    84; Unit:   1, Func:  16: Write Multiple Registers",1
1716195364.0078132,192.168.20.54,192.168.20.59,51398,502,71,TCP,"[TCP Retransmission] 51398 → 502 [PSH, ACK] Seq=1132 Ack=597 Win=130304 Len=17",0
1716195364.00801,192.168.20.59,192.168.20.54,502,51398,66,Modbus/TCP,"Response: Trans:    84; Unit:   1, Func:  16: Write Multiple Registers",1
1716195364.0198195,192.168.20.59,192.168.20.54,502,51398,66,TCP,"[TCP Retransmission] 502 → 51398 [PSH, ACK] Seq=597 Ack=1149 Win=92 Len=12",0
1716195364.0619583,192.168.20.54,192.168.20.59,51398,502,60,TCP,51398 → 502 [ACK] Seq=1149 Ack=609 Win=130304 Len=0,0
1716195364.0717733,192.168.20.54,192.168.20.59,51398,502,54,TCP,[TCP Dup ACK 385#1] 51398 → 502 [ACK] Seq=1149 Ack=609 Win=130304 Len=0,0
1716195369.4496107,192.168.20.54,192.168.20.59,51398,502,66,Modbus/TCP,"   Query: Trans:    85; Unit:   1, Func:   3: Read Holding Registers",0
1716195369.451929,192.168.20.54,192.168.20.59,51398,502,66,TCP,"[TCP Retransmission] 51398 → 502 [PSH, ACK] Seq=1149 Ack=609 Win=130304 Len=12",0
1716195369.4520833,192.168.20.59,192.168.20.54,502,51398,67,Modbus/TCP,"Response: Trans:    85; Unit:   1, Func:   3: Read Holding Registers",0
1716195369.4638257,192.168.20.59,192.168.20.54,502,51398,67,TCP,"[TCP Retransmission] 502 → 51398 [PSH, ACK] Seq=609 Ack=1161 Win=92 Len=13",0
1716195369.5055442,192.168.20.54,192.168.20.59,51398,502,66,Modbus/TCP,"   Query: Trans:    86; Unit:   1, Func:   3: Read Holding Registers",0
1716195369.5117576,192.168.20.54,192.168.20.59,51398,502,66,TCP,"[TCP Retransmission] 51398 → 502 [PSH, ACK] Seq=1161 Ack=622 Win=130304 Len=12",0
1716195369.5119698,192.168.20.59,192.168.20.54,502,51398,67,Modbus/TCP,"Response: Trans:    86; Unit:   1, Func:   3: Read Holding Registers",0
1716195369.5238483,192.168.20.59,192.168.20.54,502,51398,67,TCP,"[TCP Retransmission] 502 → 51398 [PSH, ACK] Seq=622 Ack=1173 Win=92 Len=13",0
1716195369.552896,192.168.20.54,192.168.20.59,51398,502,71,Modbus/TCP,"   Query: Trans:    87; Unit:   1, Func:  16: Write Multiple Registers",1
1716195369.5597572,192.168.20.54,192.168.20.59,51398,502,71,TCP,"[TCP Retransmission] 51398 → 502 [PSH, ACK] Seq=1173 Ack=635 Win=130304 Len=17",0
1716195369.5599844,192.168.20.59,192.168.20.54,502,51398,66,Modbus/TCP,"Response: Trans:    87; Unit:   1, Func:  16: Write Multiple Registers",1
1716195369.571848,192.168.20.59,192.168.20.54,502,51398,66,TCP,"[TCP Retransmission] 502 → 51398 [PSH, ACK] Seq=635 Ack=1190 Win=92 Len=12",0
1716195369.6260006,192.168.20.54,192.168.20.59,51398,502,60,TCP,51398 → 502 [ACK] Seq=1190 Ack=647 Win=130048 Len=0,0
1716195369.631758,192.168.20.54,192.168.20.59,51398,502,54,TCP,[TCP Dup ACK 399#1] 51398 → 502 [ACK] Seq=1190 Ack=647 Win=130048 Len=0,0
1716195374.990317,192.168.20.54,192.168.20.59,51398,502,66,Modbus/TCP,"   Query: Trans:    88; Unit:   1, Func:   3: Read Holding Registers",0
1716195374.9917939,192.168.20.54,192.168.20.59,51398,502,66,TCP,"[TCP Retransmission] 51398 → 502 [PSH, ACK] Seq=1190 Ack=647 Win=130048 Len=12",0
1716195374.9920225,192.168.20.59,192.168.20.54,502,51398,67,Modbus/TCP,"Response: Trans:    88; Unit:   1, Func:   3: Read Holding Registers",0
1716195375.0038152,192.168.20.59,192.168.20.54,502,51398,67,TCP,"[TCP Retransmission] 502 → 51398 [PSH, ACK] Seq=647 Ack=1202 Win=92 Len=13",0
1716195375.011033,192.168.20.54,192.168.20.59,51398,502,66,Modbus/TCP,"   Query: Trans:    89; Unit:   1, Func:   3: Read Holding Registers",0
1716195375.0159335,192.168.20.54,192.168.20.59,51398,502,66,TCP,"[TCP Retransmission] 51398 → 502 [PSH, ACK] Seq=1202 Ack=660 Win=130048 Len=12",0
1716195375.01633,192.168.20.59,192.168.20.54,502,51398,67,Modbus/TCP,"Response: Trans:    89; Unit:   1, Func:   3: Read Holding Registers",0
1716195375.027824,192.168.20.59,192.168.20.54,502,51398,67,TCP,"[TCP Retransmission] 502 → 51398 [PSH, ACK] Seq=660 Ack=1214 Win=92 Len=13",0
1716195375.038477,192.168.20.54,192.168.20.59,51398,502,71,Modbus/TCP,"   Query: Trans:    90; Unit:   1, Func:  16: Write Multiple Registers",1
1716195375.0398197,192.168.20.54,192.168.20.59,51398,502,71,TCP,"[TCP Retransmission] 51398 → 502 [PSH, ACK] Seq=1214 Ack=673 Win=130048 Len=17",0
1716195375.0400207,192.168.20.59,192.168.20.54,502,51398,66,Modbus/TCP,"Response: Trans:    90; Unit:   1, Func:  16: Write Multiple Registers",1
1716195375.051814,192.168.20.59,192.168.20.54,502,51398,66,TCP,"[TCP Retransmission] 502 → 51398 [PSH, ACK] Seq=673 Ack=1231 Win=92 Len=12",0
1716195375.1141083,192.168.20.54,192.168.20.59,51398,502,60,TCP,51398 → 502 [ACK] Seq=1231 Ack=685 Win=130048 Len=0,0
1716195375.1237884,192.168.20.54,192.168.20.59,51398,502,54,TCP,[TCP Dup ACK 413#1] 51398 → 502 [ACK] Seq=1231 Ack=685 Win=130048 Len=0,0
1716195380.4975407,192.168.20.54,192.168.20.59,51398,502,66,Modbus/TCP,"   Query: Trans:    91; Unit:   1, Func:   3: Read Holding Registers",0
1716195380.4997864,192.168.20.54,192.168.20.59,51398,502,66,TCP,"[TCP Retransmission] 51398 → 502 [PSH, ACK] Seq=1231 Ack=685 Win=130048 Len=12",0
1716195380.500014,192.168.20.59,192.168.20.54,502,51398,67,Modbus/TCP,"Response: Trans:    91; Unit:   1, Func:   3: Read Holding Registers",0
1716195380.5118167,192.168.20.59,192.168.20.54,502,51398,67,TCP,"[TCP Retransmission] 502 → 51398 [PSH, ACK] Seq=685 Ack=1243 Win=92 Len=13",0
1716195380.5172403,192.168.20.54,192.168.20.59,51398,502,66,Modbus/TCP,"   Query: Trans:    92; Unit:   1, Func:   3: Read Holding Registers",0
1716195380.5238192,192.168.20.54,192.168.20.59,51398,502,66,TCP,"[TCP Retransmission] 51398 → 502 [PSH, ACK] Seq=1243 Ack=698 Win=130048 Len=12",0
1716195380.5240202,192.168.20.59,192.168.20.54,502,51398,67,Modbus/TCP,"Response: Trans:    92; Unit:   1, Func:   3: Read Holding Registers",0
1716195380.5358229,192.168.20.59,192.168.20.54,502,51398,67,TCP,"[TCP Retransmission] 502 → 51398 [PSH, ACK] Seq=698 Ack=1255 Win=92 Len=13",0
1716195380.548888,192.168.20.54,192.168.20.59,51398,502,71,Modbus/TCP,"   Query: Trans:    93; Unit:   1, Func:  16: Write Multiple Registers",1
1716195380.559758,192.168.20.54,192.168.20.59,51398,502,71,TCP,"[TCP Retransmission] 51398 → 502 [PSH, ACK] Seq=1255 Ack=711 Win=130048 Len=17",0
1716195380.5599856,192.168.20.59,192.168.20.54,502,51398,66,Modbus/TCP,"Response: Trans:    93; Unit:   1, Func:  16: Write Multiple Registers",1
1716195380.571846,192.168.20.59,192.168.20.54,502,51398,66,TCP,"[TCP Retransmission] 502 → 51398 [PSH, ACK] Seq=711 Ack=1272 Win=92 Len=12",0
1716195380.6395626,192.168.20.54,192.168.20.59,51398,502,60,TCP,51398 → 502 [ACK] Seq=1272 Ack=723 Win=130048 Len=0,0
1716195380.6437612,192.168.20.54,192.168.20.59,51398,502,54,TCP,[TCP Dup ACK 427#1] 51398 → 502 [ACK] Seq=1272 Ack=723 Win=130048 Len=0,0
1716195386.0139992,192.168.20.54,192.168.20.59,51398,502,66,Modbus/TCP,"   Query: Trans:    94; Unit:   1, Func:   3: Read Holding Registers",0
1716195386.0158086,192.168.20.54,192.168.20.59,51398,502,66,TCP,"[TCP Retransmission] 51398 → 502 [PSH, ACK] Seq=1272 Ack=723 Win=130048 Len=12",0
1716195386.0160356,192.168.20.59,192.168.20.54,502,51398,67,Modbus/TCP,"Response: Trans:    94; Unit:   1, Func:   3: Read Holding Registers",0
1716195386.0278122,192.168.20.59,192.168.20.54,502,51398,67,TCP,"[TCP Retransmission] 502 → 51398 [PSH, ACK] Seq=723 Ack=1284 Win=92 Len=13",0
1716195386.0350692,192.168.20.54,192.168.20.59,51398,502,66,Modbus/TCP,"   Query: Trans:    95; Unit:   1, Func:   3: Read Holding Registers",0
1716195386.0398135,192.168.20.54,192.168.20.59,51398,502,66,TCP,"[TCP Retransmission] 51398 → 502 [PSH, ACK] Seq=1284 Ack=736 Win=130048 Len=12",0
1716195386.040012,192.168.20.59,192.168.20.54,502,51398,67,Modbus/TCP,"Response: Trans:    95; Unit:   1, Func:   3: Read Holding Registers",0
1716195386.0518117,192.168.20.59,192.168.20.54,502,51398,67,TCP,"[TCP Retransmission] 502 → 51398 [PSH, ACK] Seq=736 Ack=1296 Win=92 Len=13",0
1716195386.062282,192.168.20.54,192.168.20.59,51398,502,71,Modbus/TCP,"   Query: Trans:    96; Unit:   1, Func:  16: Write Multiple Registers",1
1716195386.0638144,192.168.20.54,192.168.20.59,51398,502,71,TCP,"[TCP Retransmission] 51398 → 502 [PSH, ACK] Seq=1296 Ack=749 Win=130048 Len=17",0
1716195386.0640197,192.168.20.59,192.168.20.54,502,51398,66,Modbus/TCP,"Response: Trans:    96; Unit:   1, Func:  16: Write Multiple Registers",1
1716195386.0758102,192.168.20.59,192.168.20.54,502,51398,66,TCP,"[TCP Retransmission] 502 → 51398 [PSH, ACK] Seq=749 Ack=1313 Win=92 Len=12",0
1716195386.1228137,192.168.20.54,192.168.20.59,51398,502,60,TCP,51398 → 502 [ACK] Seq=1313 Ack=761 Win=130048 Len=0,0
1716195386.1237812,192.168.20.54,192.168.20.59,51398,502,54,TCP,[TCP Dup ACK 441#1] 51398 → 502 [ACK] Seq=1313 Ack=761 Win=130048 Len=0,0
1716195391.52573,192.168.20.54,192.168.20.59,51398,502,66,Modbus/TCP,"   Query: Trans:    97; Unit:   1, Func:   3: Read Holding Registers",0
1716195391.5277858,192.168.20.54,192.168.20.59,51398,502,66,TCP,"[TCP Retransmission] 51398 → 502 [PSH, ACK] Seq=1313 Ack=761 Win=130048 Len=12",0
1716195391.5279903,192.168.20.59,192.168.20.54,502,51398,67,Modbus/TCP,"Response: Trans:    97; Unit:   1, Func:   3: Read Holding Registers",0
1716195391.5398157,192.168.20.59,192.168.20.54,502,51398,67,TCP,"[TCP Retransmission] 502 → 51398 [PSH, ACK] Seq=761 Ack=1325 Win=92 Len=13",0
1716195391.5449772,192.168.20.54,192.168.20.59,51398,502,66,Modbus/TCP,"   Query: Trans:    98; Unit:   1, Func:   3: Read Holding Registers",0
1716195391.5518117,192.168.20.54,192.168.20.59,51398,502,66,TCP,"[TCP Retransmission] 51398 → 502 [PSH, ACK] Seq=1325 Ack=774 Win=130048 Len=12",0
1716195391.552009,192.168.20.59,192.168.20.54,502,51398,67,Modbus/TCP,"Response: Trans:    98; Unit:   1, Func:   3: Read Holding Registers",0
1716195391.5638125,192.168.20.59,192.168.20.54,502,51398,67,TCP,"[TCP Retransmission] 502 → 51398 [PSH, ACK] Seq=774 Ack=1337 Win=92 Len=13",0
1716195391.5717323,192.168.20.54,192.168.20.59,51398,502,71,Modbus/TCP,"   Query: Trans:    99; Unit:   1, Func:  16: Write Multiple Registers",1
1716195391.575814,192.168.20.54,192.168.20.59,51398,502,71,TCP,"[TCP Retransmission] 51398 → 502 [PSH, ACK] Seq=1337 Ack=787 Win=130048 Len=17",0
1716195391.5760121,192.168.20.59,192.168.20.54,502,51398,66,Modbus/TCP,"Response: Trans:    99; Unit:   1, Func:  16: Write Multiple Registers",1
1716195391.587823,192.168.20.59,192.168.20.54,502,51398,66,TCP,"[TCP Retransmission] 502 → 51398 [PSH, ACK] Seq=787 Ack=1354 Win=92 Len=12",0
1716195391.6454325,192.168.20.54,192.168.20.59,51398,502,60,TCP,51398 → 502 [ACK] Seq=1354 Ack=799 Win=130048 Len=0,0
1716195391.6477911,192.168.20.54,192.168.20.59,51398,502,54,TCP,[TCP Dup ACK 455#1] 51398 → 502 [ACK] Seq=1354 Ack=799 Win=130048 Len=0,0
1716195397.0102015,192.168.20.54,192.168.20.59,51398,502,66,Modbus/TCP,"   Query: Trans:   100; Unit:   1, Func:   3: Read Holding Registers",0
1716195397.0198016,192.168.20.54,192.168.20.59,51398,502,66,TCP,"[TCP Retransmission] 51398 → 502 [PSH, ACK] Seq=1354 Ack=799 Win=130048 Len=12",0
1716195397.0200303,192.168.20.59,192.168.20.54,502,51398,67,Modbus/TCP,"Response: Trans:   100; Unit:   1, Func:   3: Read Holding Registers",0
1716195397.031822,192.168.20.59,192.168.20.54,502,51398,67,TCP,"[TCP Retransmission] 502 → 51398 [PSH, ACK] Seq=799 Ack=1366 Win=92 Len=13",0
1716195397.0420315,192.168.20.54,192.168.20.59,51398,502,66,Modbus/TCP,"   Query: Trans:   101; Unit:   1, Func:   3: Read Holding Registers",0
1716195397.043847,192.168.20.54,192.168.20.59,51398,502,66,TCP,"[TCP Retransmission] 51398 → 502 [PSH, ACK] Seq=1366 Ack=812 Win=130048 Len=12",0
1716195397.0440445,192.168.20.59,192.168.20.54,502,51398,67,Modbus/TCP,"Response: Trans:   101; Unit:   1, Func:   3: Read Holding Registers",0
1716195397.0558205,192.168.20.59,192.168.20.54,502,51398,67,TCP,"[TCP Retransmission] 502 → 51398 [PSH, ACK] Seq=812 Ack=1378 Win=92 Len=13",0
1716195397.0763881,192.168.20.54,192.168.20.59,51398,502,71,Modbus/TCP,"   Query: Trans:   102; Unit:   1, Func:  16: Write Multiple Registers",1
1716195397.079762,192.168.20.54,192.168.20.59,51398,502,71,TCP,"[TCP Retransmission] 51398 → 502 [PSH, ACK] Seq=1378 Ack=825 Win=130048 Len=17",0
1716195397.0799897,192.168.20.59,192.168.20.54,502,51398,66,Modbus/TCP,"Response: Trans:   102; Unit:   1, Func:  16: Write Multiple Registers",1
1716195397.0918448,192.168.20.59,192.168.20.54,502,51398,66,TCP,"[TCP Retransmission] 502 → 51398 [PSH, ACK] Seq=825 Ack=1395 Win=92 Len=12",0
1716195397.168993,192.168.20.54,192.168.20.59,51398,502,60,TCP,51398 → 502 [ACK] Seq=1395 Ack=837 Win=130048 Len=0,0
1716195397.1757562,192.168.20.54,192.168.20.59,51398,502,54,TCP,[TCP Dup ACK 469#1] 51398 → 502 [ACK] Seq=1395 Ack=837 Win=130048 Len=0,0
1716195402.5407152,192.168.20.54,192.168.20.59,51398,502,66,Modbus/TCP,"   Query: Trans:   103; Unit:   1, Func:   3: Read Holding Registers",0
1716195402.5437877,192.168.20.54,192.168.20.59,51398,502,66,TCP,"[TCP Retransmission] 51398 → 502 [PSH, ACK] Seq=1395 Ack=837 Win=130048 Len=12",0
1716195402.5440145,192.168.20.59,192.168.20.54,502,51398,67,Modbus/TCP,"Response: Trans:   103; Unit:   1, Func:   3: Read Holding Registers",0
1716195402.5558147,192.168.20.59,192.168.20.54,502,51398,67,TCP,"[TCP Retransmission] 502 → 51398 [PSH, ACK] Seq=837 Ack=1407 Win=92 Len=13",0
1716195402.5750167,192.168.20.54,192.168.20.59,51398,502,66,Modbus/TCP,"   Query: Trans:   104; Unit:   1, Func:   3: Read Holding Registers",0
1716195402.579756,192.168.20.54,192.168.20.59,51398,502,66,TCP,"[TCP Retransmission] 51398 → 502 [PSH, ACK] Seq=1407 Ack=850 Win=130048 Len=12",0
1716195402.5799837,192.168.20.59,192.168.20.54,502,51398,67,Modbus/TCP,"Response: Trans:   104; Unit:   1, Func:   3: Read Holding Registers",0
1716195402.59182,192.168.20.59,192.168.20.54,502,51398,67,TCP,"[TCP Retransmission] 502 → 51398 [PSH, ACK] Seq=850 Ack=1419 Win=92 Len=13",0
1716195402.6030247,192.168.20.54,192.168.20.59,51398,502,71,Modbus/TCP,"   Query: Trans:   105; Unit:   1, Func:  16: Write Multiple Registers",1
1716195402.603816,192.168.20.54,192.168.20.59,51398,502,71,TCP,"[TCP Retransmission] 51398 → 502 [PSH, ACK] Seq=1419 Ack=863 Win=130048 Len=17",0
1716195402.6040182,192.168.20.59,192.168.20.54,502,51398,66,Modbus/TCP,"Response: Trans:   105; Unit:   1, Func:  16: Write Multiple Registers",1
1716195402.615827,192.168.20.59,192.168.20.54,502,51398,66,TCP,"[TCP Retransmission] 502 → 51398 [PSH, ACK] Seq=863 Ack=1436 Win=92 Len=12",0
1716195402.6672168,192.168.20.54,192.168.20.59,51398,502,60,TCP,51398 → 502 [ACK] Seq=1436 Ack=875 Win=130048 Len=0,0
1716195402.6757538,192.168.20.54,192.168.20.59,51398,502,54,TCP,[TCP Dup ACK 483#1] 51398 → 502 [ACK] Seq=1436 Ack=875 Win=130048 Len=0,0
1716195408.0482433,192.168.20.54,192.168.20.59,51398,502,66,Modbus/TCP,"   Query: Trans:   106; Unit:   1, Func:   3: Read Holding Registers",0
1716195408.0517926,192.168.20.54,192.168.20.59,51398,502,66,TCP,"[TCP Retransmission] 51398 → 502 [PSH, ACK] Seq=1436 Ack=875 Win=130048 Len=12",0
1716195408.0520198,192.168.20.59,192.168.20.54,502,51398,67,Modbus/TCP,"Response: Trans:   106; Unit:   1, Func:   3: Read Holding Registers",0
1716195408.0638173,192.168.20.59,192.168.20.54,502,51398,67,TCP,"[TCP Retransmission] 502 → 51398 [PSH, ACK] Seq=875 Ack=1448 Win=92 Len=13",0
1716195408.076458,192.168.20.54,192.168.20.59,51398,502,66,Modbus/TCP,"   Query: Trans:   107; Unit:   1, Func:   3: Read Holding Registers",0
1716195408.0877547,192.168.20.54,192.168.20.59,51398,502,66,TCP,"[TCP Retransmission] 51398 → 502 [PSH, ACK] Seq=1448 Ack=888 Win=130048 Len=12",0
1716195408.087983,192.168.20.59,192.168.20.54,502,51398,67,Modbus/TCP,"Response: Trans:   107; Unit:   1, Func:   3: Read Holding Registers",0
1716195408.0998185,192.168.20.59,192.168.20.54,502,51398,67,TCP,"[TCP Retransmission] 502 → 51398 [PSH, ACK] Seq=888 Ack=1460 Win=92 Len=13",0
1716195408.113152,192.168.20.54,192.168.20.59,51398,502,71,Modbus/TCP,"   Query: Trans:   108; Unit:   1, Func:  16: Write Multiple Registers",1
1716195408.1237588,192.168.20.54,192.168.20.59,51398,502,71,TCP,"[TCP Retransmission] 51398 → 502 [PSH, ACK] Seq=1460 Ack=901 Win=129792 Len=17",0
1716195408.1239858,192.168.20.59,192.168.20.54,502,51398,66,Modbus/TCP,"Response: Trans:   108; Unit:   1, Func:  16: Write Multiple Registers",1
1716195408.1358173,192.168.20.59,192.168.20.54,502,51398,66,TCP,"[TCP Retransmission] 502 → 51398 [PSH, ACK] Seq=901 Ack=1477 Win=92 Len=12",0
1716195408.1892347,192.168.20.54,192.168.20.59,51398,502,60,TCP,51398 → 502 [ACK] Seq=1477 Ack=913 Win=129792 Len=0,0
1716195408.1957555,192.168.20.54,192.168.20.59,51398,502,54,TCP,[TCP Dup ACK 497#1] 51398 → 502 [ACK] Seq=1477 Ack=913 Win=129792 Len=0,0
1716195413.568391,192.168.20.54,192.168.20.59,51398,502,66,Modbus/TCP,"   Query: Trans:   109; Unit:   1, Func:   3: Read Holding Registers",0
1716195413.579761,192.168.20.54,192.168.20.59,51398,502,66,TCP,"[TCP Retransmission] 51398 → 502 [PSH, ACK] Seq=1477 Ack=913 Win=129792 Len=12",0
1716195413.5799866,192.168.20.59,192.168.20.54,502,51398,67,Modbus/TCP,"Response: Trans:   109; Unit:   1, Func:   3: Read Holding Registers",0
1716195413.591815,192.168.20.59,192.168.20.54,502,51398,67,TCP,"[TCP Retransmission] 502 → 51398 [PSH, ACK] Seq=913 Ack=1489 Win=92 Len=13",0
1716195413.5987897,192.168.20.54,192.168.20.59,51398,502,66,Modbus/TCP,"   Query: Trans:   110; Unit:   1, Func:   3: Read Holding Registers",0
1716195413.603816,192.168.20.54,192.168.20.59,51398,502,66,TCP,"[TCP Retransmission] 51398 → 502 [PSH, ACK] Seq=1489 Ack=926 Win=129792 Len=12",0
1716195413.6040137,192.168.20.59,192.168.20.54,502,51398,67,Modbus/TCP,"Response: Trans:   110; Unit:   1, Func:   3: Read Holding Registers",0
1716195413.615822,192.168.20.59,192.168.20.54,502,51398,67,TCP,"[TCP Retransmission] 502 → 51398 [PSH, ACK] Seq=926 Ack=1501 Win=92 Len=13",0
1716195413.6364987,192.168.20.54,192.168.20.59,51398,502,71,Modbus/TCP,"   Query: Trans:   111; Unit:   1, Func:  16: Write Multiple Registers",1
1716195413.6397607,192.168.20.54,192.168.20.59,51398,502,71,TCP,"[TCP Retransmission] 51398 → 502 [PSH, ACK] Seq=1501 Ack=939 Win=129792 Len=17",0
1716195413.6399872,192.168.20.59,192.168.20.54,502,51398,66,Modbus/TCP,"Response: Trans:   111; Unit:   1, Func:  16: Write Multiple Registers",1
1716195413.6518157,192.168.20.59,192.168.20.54,502,51398,66,TCP,"[TCP Retransmission] 502 → 51398 [PSH, ACK] Seq=939 Ack=1518 Win=92 Len=12",0
1716195413.700852,192.168.20.54,192.168.20.59,51398,502,60,TCP,51398 → 502 [ACK] Seq=1518 Ack=951 Win=129792 Len=0,0
1716195413.7078135,192.168.20.54,192.168.20.59,51398,502,54,TCP,[TCP Dup ACK 511#1] 51398 → 502 [ACK] Seq=1518 Ack=951 Win=129792 Len=0,0
1716195419.0764105,192.168.20.54,192.168.20.59,51398,502,66,Modbus/TCP,"   Query: Trans:   112; Unit:   1, Func:   3: Read Holding Registers",0
1716195419.0797703,192.168.20.54,192.168.20.59,51398,502,66,TCP,"[TCP Retransmission] 51398 → 502 [PSH, ACK] Seq=1518 Ack=951 Win=129792 Len=12",0
1716195419.0799944,192.168.20.59,192.168.20.54,502,51398,67,Modbus/TCP,"Response: Trans:   112; Unit:   1, Func:   3: Read Holding Registers",0
1716195419.091818,192.168.20.59,192.168.20.54,502,51398,67,TCP,"[TCP Retransmission] 502 → 51398 [PSH, ACK] Seq=951 Ack=1530 Win=92 Len=13",0
1716195419.096248,192.168.20.54,192.168.20.59,51398,502,66,Modbus/TCP,"   Query: Trans:   113; Unit:   1, Func:   3: Read Holding Registers",0
1716195419.1038492,192.168.20.54,192.168.20.59,51398,502,66,TCP,"[TCP Retransmission] 51398 → 502 [PSH, ACK] Seq=1530 Ack=964 Win=129792 Len=12",0
1716195419.1040344,192.168.20.59,192.168.20.54,502,51398,67,Modbus/TCP,"Response: Trans:   113; Unit:   1, Func:   3: Read Holding Registers",0
1716195419.1158197,192.168.20.59,192.168.20.54,502,51398,67,TCP,"[TCP Retransmission] 502 → 51398 [PSH, ACK] Seq=964 Ack=1542 Win=92 Len=13",0
1716195419.1273503,192.168.20.54,192.168.20.59,51398,502,71,Modbus/TCP,"   Query: Trans:   114; Unit:   1, Func:  16: Write Multiple Registers",1
1716195419.1278453,192.168.20.54,192.168.20.59,51398,502,71,TCP,"[TCP Retransmission] 51398 → 502 [PSH, ACK] Seq=1542 Ack=977 Win=129792 Len=17",0
1716195419.1280477,192.168.20.59,192.168.20.54,502,51398,66,Modbus/TCP,"Response: Trans:   114; Unit:   1, Func:  16: Write Multiple Registers",1
1716195419.1398163,192.168.20.59,192.168.20.54,502,51398,66,TCP,"[TCP Retransmission] 502 → 51398 [PSH, ACK] Seq=977 Ack=1559 Win=92 Len=12",0
1716195419.1883404,192.168.20.54,192.168.20.59,51398,502,60,TCP,51398 → 502 [ACK] Seq=1559 Ack=989 Win=129792 Len=0,0
1716195419.1997848,192.168.20.54,192.168.20.59,51398,502,54,TCP,[TCP Dup ACK 525#1] 51398 → 502 [ACK] Seq=1559 Ack=989 Win=129792 Len=0,0
1716195424.5769503,192.168.20.54,192.168.20.59,51398,502,66,Modbus/TCP,"   Query: Trans:   115; Unit:   1, Func:   3: Read Holding Registers",0
1716195424.5797806,192.168.20.54,192.168.20.59,51398,502,66,TCP,"[TCP Retransmission] 51398 → 502 [PSH, ACK] Seq=1559 Ack=989 Win=129792 Len=12",0
1716195424.580006,192.168.20.59,192.168.20.54,502,51398,67,Modbus/TCP,"Response: Trans:   115; Unit:   1, Func:   3: Read Holding Registers",0
1716195424.5918152,192.168.20.59,192.168.20.54,502,51398,67,TCP,"[TCP Retransmission] 502 → 51398 [PSH, ACK] Seq=989 Ack=1571 Win=92 Len=13",0
1716195424.5982816,192.168.20.54,192.168.20.59,51398,502,66,Modbus/TCP,"   Query: Trans:   116; Unit:   1, Func:   3: Read Holding Registers",0
1716195424.6038127,192.168.20.54,192.168.20.59,51398,502,66,TCP,"[TCP Retransmission] 51398 → 502 [PSH, ACK] Seq=1571 Ack=1002 Win=129792 Len=12",0
1716195424.6040108,192.168.20.59,192.168.20.54,502,51398,67,Modbus/TCP,"Response: Trans:   116; Unit:   1, Func:   3: Read Holding Registers",0
1716195424.6158109,192.168.20.59,192.168.20.54,502,51398,67,TCP,"[TCP Retransmission] 502 → 51398 [PSH, ACK] Seq=1002 Ack=1583 Win=92 Len=13",0
1716195424.6287427,192.168.20.54,192.168.20.59,51398,502,71,Modbus/TCP,"   Query: Trans:   117; Unit:   1, Func:  16: Write Multiple Registers",1
1716195424.6397524,192.168.20.54,192.168.20.59,51398,502,71,TCP,"[TCP Retransmission] 51398 → 502 [PSH, ACK] Seq=1583 Ack=1015 Win=131328 Len=17",0
1716195424.639973,192.168.20.59,192.168.20.54,502,51398,66,Modbus/TCP,"Response: Trans:   117; Unit:   1, Func:  16: Write Multiple Registers",1
1716195424.651818,192.168.20.59,192.168.20.54,502,51398,66,TCP,"[TCP Retransmission] 502 → 51398 [PSH, ACK] Seq=1015 Ack=1600 Win=92 Len=12",0
1716195424.704212,192.168.20.54,192.168.20.59,51398,502,60,TCP,51398 → 502 [ACK] Seq=1600 Ack=1027 Win=131328 Len=0,0
1716195424.7117753,192.168.20.54,192.168.20.59,51398,502,54,TCP,[TCP Dup ACK 539#1] 51398 → 502 [ACK] Seq=1600 Ack=1027 Win=131328 Len=0,0
1716195430.1092088,192.168.20.54,192.168.20.59,51398,502,66,Modbus/TCP,"   Query: Trans:   118; Unit:   1, Func:   3: Read Holding Registers",0
1716195430.111797,192.168.20.54,192.168.20.59,51398,502,66,TCP,"[TCP Retransmission] 51398 → 502 [PSH, ACK] Seq=1600 Ack=1027 Win=131328 Len=12",0
1716195430.1120267,192.168.20.59,192.168.20.54,502,51398,67,Modbus/TCP,"Response: Trans:   118; Unit:   1, Func:   3: Read Holding Registers",0
1716195430.1238203,192.168.20.59,192.168.20.54,502,51398,67,TCP,"[TCP Retransmission] 502 → 51398 [PSH, ACK] Seq=1027 Ack=1612 Win=92 Len=13",0
1716195430.1291833,192.168.20.54,192.168.20.59,51398,502,66,Modbus/TCP,"   Query: Trans:   119; Unit:   1, Func:   3: Read Holding Registers",0
1716195430.1358216,192.168.20.54,192.168.20.59,51398,502,66,TCP,"[TCP Retransmission] 51398 → 502 [PSH, ACK] Seq=1612 Ack=1040 Win=131328 Len=12",0
1716195430.136027,192.168.20.59,192.168.20.54,502,51398,67,Modbus/TCP,"Response: Trans:   119; Unit:   1, Func:   3: Read Holding Registers",0
1716195430.1478136,192.168.20.59,192.168.20.54,502,51398,67,TCP,"[TCP Retransmission] 502 → 51398 [PSH, ACK] Seq=1040 Ack=1624 Win=92 Len=13",0
1716195430.1521604,192.168.20.54,192.168.20.59,51398,502,71,Modbus/TCP,"   Query: Trans:   120; Unit:   1, Func:  16: Write Multiple Registers",1
1716195430.1598165,192.168.20.54,192.168.20.59,51398,502,71,TCP,"[TCP Retransmission] 51398 → 502 [PSH, ACK] Seq=1624 Ack=1053 Win=131328 Len=17",0
1716195430.160018,192.168.20.59,192.168.20.54,502,51398,66,Modbus/TCP,"Response: Trans:   120; Unit:   1, Func:  16: Write Multiple Registers",1
1716195430.1718483,192.168.20.59,192.168.20.54,502,51398,66,TCP,"[TCP Retransmission] 502 → 51398 [PSH, ACK] Seq=1053 Ack=1641 Win=92 Len=12",0
1716195430.2231667,192.168.20.54,192.168.20.59,51398,502,60,TCP,51398 → 502 [ACK] Seq=1641 Ack=1065 Win=131328 Len=0,0
1716195430.2318504,192.168.20.54,192.168.20.59,51398,502,54,TCP,[TCP Dup ACK 553#1] 51398 → 502 [ACK] Seq=1641 Ack=1065 Win=131328 Len=0,0
1716195435.6159232,192.168.20.54,192.168.20.59,51398,502,66,Modbus/TCP,"   Query: Trans:   121; Unit:   1, Func:   3: Read Holding Registers",0
1716195435.6317687,192.168.20.54,192.168.20.59,51398,502,66,TCP,"[TCP Retransmission] 51398 → 502 [PSH, ACK] Seq=1641 Ack=1065 Win=131328 Len=12",0
1716195435.6319761,192.168.20.59,192.168.20.54,502,51398,67,Modbus/TCP,"Response: Trans:   121; Unit:   1, Func:   3: Read Holding Registers",0
1716195435.6438365,192.168.20.59,192.168.20.54,502,51398,67,TCP,"[TCP Retransmission] 502 → 51398 [PSH, ACK] Seq=1065 Ack=1653 Win=92 Len=13",0
1716195435.6607213,192.168.20.54,192.168.20.59,51398,502,66,Modbus/TCP,"   Query: Trans:   122; Unit:   1, Func:   3: Read Holding Registers",0
1716195435.6717827,192.168.20.54,192.168.20.59,51398,502,66,TCP,"[TCP Retransmission] 51398 → 502 [PSH, ACK] Seq=1653 Ack=1078 Win=131328 Len=12",0
1716195435.6720245,192.168.20.59,192.168.20.54,502,51398,67,Modbus/TCP,"Response: Trans:   122; Unit:   1, Func:   3: Read Holding Registers",0
1716195435.6878426,192.168.20.59,192.168.20.54,502,51398,67,TCP,"[TCP Retransmission] 502 → 51398 [PSH, ACK] Seq=1078 Ack=1665 Win=92 Len=13",0
1716195435.7010856,192.168.20.54,192.168.20.59,51398,502,71,Modbus/TCP,"   Query: Trans:   123; Unit:   1, Func:  16: Write Multiple Registers",1
1716195435.7117643,192.168.20.54,192.168.20.59,51398,502,71,TCP,"[TCP Retransmission] 51398 → 502 [PSH, ACK] Seq=1665 Ack=1091 Win=131072 Len=17",0
1716195435.711996,192.168.20.59,192.168.20.54,502,51398,66,Modbus/TCP,"Response: Trans:   123; Unit:   1, Func:  16: Write Multiple Registers",1
1716195435.727751,192.168.20.59,192.168.20.54,502,51398,66,TCP,"[TCP Retransmission] 502 → 51398 [PSH, ACK] Seq=1091 Ack=1682 Win=92 Len=12",0
1716195435.776863,192.168.20.54,192.168.20.59,51398,502,60,TCP,51398 → 502 [ACK] Seq=1682 Ack=1103 Win=131072 Len=0,0
1716195435.7797492,192.168.20.54,192.168.20.59,51398,502,54,TCP,[TCP Dup ACK 567#1] 51398 → 502 [ACK] Seq=1682 Ack=1103 Win=131072 Len=0,0
